pole_a,pole_b,pole_distance,theoretical_upper_height,greatest_valid_equal_height,limiting_height,limiting_vertex,limiting_condition,bisection_iterations,width,height,area,total_edge_length,maximum_pairwise_vertex_distance,minimum_nonzero_pairwise_vertex_distance,unrelated_edge_crossings,coincident_vertex_pairs,vertices_on_unrelated_edges,cyclic_order_violations,cyclic_order_orientation,abstract_graph_valid,width_ratio,height_ratio,area_ratio,edge_length_ratio,maximum_diameter_ratio
component:C1,component:C2,2112.767143,10.854012,10.854011,10.854012,net:+9V,two-circle geometric degeneracy,18,3136.132634,1091.714316,3423760.894283,24355.752746,3136.133145,50.854601,0,0,0,0,reflection,True,1.000042,0.999738,0.999781,0.99984,1.000042
component:C1,component:JP1,1471.20087,77.936332,77.936331,77.936332,component:TPA,two-circle geometric degeneracy,21,3120.085549,1099.97752,3432023.963137,24326.228761,3120.157377,52.08072,0,0,0,0,reflection,True,0.994925,1.007305,1.002194,0.998628,0.994948
component:C1,component:J_EA,2220.275884,17.214077,17.214076,17.214077,component:RMIN1,two-circle geometric degeneracy,19,3137.969973,1091.455776,3424955.451001,24345.198678,3138.014447,49.068071,0,0,0,0,reflection,True,1.000628,0.999502,1.000129,0.999407,1.000642
component:C1,component:J_EB,2226.964077,10.297427,10.297426,10.297427,component:RMIN1,two-circle geometric degeneracy,18,3137.425523,1091.823958,3425516.352183,24354.680534,3137.441698,50.970217,0,0,0,0,reflection,True,1.000455,0.999839,1.000293,0.999796,1.00046
component:C1,component:J_OUT,2229.22251,33.146983,33.146982,33.146983,net:EOUT,two-circle geometric degeneracy,19,3131.330681,1104.17947,3457551.05253,24334.419436,3131.359843,52.073818,0,0,0,0,reflection,True,0.998511,1.011153,1.009648,0.998964,0.99852
component:C1,component:J_PWR,1911.707352,43.98372,43.983719,43.98372,component:RMIN1,two-circle geometric degeneracy,20,3136.986372,1083.334821,3398406.568894,24347.705788,3137.195802,52.057635,0,0,0,0,reflection,True,1.000315,0.992065,0.992377,0.99951,1.000381
component:C1,component:J_R1,781.434578,136.948125,136.948124,136.948125,net:R1_W,two-circle geometric degeneracy,22,3093.242421,1128.140967,3489613.496893,24386.275552,3093.341791,40.807002,0,0,0,0,reflection,True,0.986366,1.033096,1.01901,1.001093,0.986397
component:C1,component:J_R4,2109.502311,48.314714,48.314713,48.314714,component:TPO,two-circle geometric degeneracy,20,3126.674867,1112.590985,3478710.268389,24439.191882,3126.762671,19.227286,0,0,0,0,reflection,True,0.997026,1.018856,1.015827,1.003265,0.997054
component:C1,component:J_RA,1391.597643,1.830989,1.830988,1.830989,net:RA_SW,two-circle geometric degeneracy,15,3135.992506,1090.718775,3420485.905707,24357.823602,3135.992506,51.967754,0,0,0,0,reflection,True,0.999998,0.998827,0.998824,0.999925,0.999998
component:C1,component:R2,1245.576172,8.182559,8.182558,8.182559,component:TPB,two-circle geometric degeneracy,17,3135.824349,1092.208377,3424973.622078,24363.360742,3135.824363,52.001618,0,0,0,0,reflection,True,0.999944,1.000191,1.000135,1.000152,0.999944
component:C1,component:R3,1485.700172,3.430033,3.430032,3.430033,net:NODE_B,two-circle geometric degeneracy,16,3135.967388,1092.048473,3424628.399299,24356.71952,3135.967389,52.000383,0,0,0,0,reflection,True,0.99999,1.000044,1.000034,0.99988,0.99999
component:C1,component:RMIN1,298.563226,34.136823,34.136822,34.136823,net:EB,two-circle geometric degeneracy,20,3135.814021,1091.32063,3422178.533104,24335.973619,3135.814197,52.048836,0,0,0,0,reflection,True,0.999941,0.999378,0.999319,0.999028,0.999941
component:C1,component:RMIN4,2021.840745,12.602377,12.602376,12.602377,component:TPB,two-circle geometric degeneracy,18,3135.576542,1092.536436,3425731.618473,24352.346391,3135.576633,50.449778,0,0,0,0,reflection,True,0.999865,1.000491,1.000356,0.9997,0.999865
component:C1,component:TPA,1231.185201,70.364718,70.301022,70.301023,,embedding/cyclic-order violation,21,3122.39529,1104.538731,3448806.531713,24405.225991,3122.463964,12.757989,0,0,0,0,reflection,True,0.995662,1.011482,1.007094,1.001871,0.995684
component:C1,component:TPB,1467.33091,6.945945,6.945944,6.945945,component:R2,two-circle geometric degeneracy,17,3135.872801,1092.154832,3424858.630496,24356.850968,3135.872809,52.001202,0,0,0,0,reflection,True,0.999959,1.000142,1.000101,0.999885,0.999959
component:C1,component:TPC,1996.945668,22.967075,22.967074,22.967075,component:R3,two-circle geometric degeneracy,19,3134.542947,1094.042643,3429323.65029,24347.053111,3134.54415,44.052471,0,0,0,0,reflection,True,0.999535,1.001871,1.001405,0.999483,0.999536
component:C1,component:TPO,2090.833327,48.746114,48.746113,48.746114,component:J_R4,two-circle geometric degeneracy,20,3124.709232,1119.515967,3498161.877019,24448.188435,3124.857091,18.105702,0,0,0,0,reflection,True,0.9964,1.025198,1.021507,1.003635,0.996447
component:C1,component:U1,2254.118231,10.173379,10.173378,10.173379,component:RMIN1,two-circle geometric degeneracy,18,3133.871975,1101.884297,3453164.316906,24363.156755,3133.888014,52.00474,0,0,0,0,reflection,True,0.999321,1.009052,1.008367,1.000144,0.999327
component:C1,net:+9V,1966.198362,11.663116,11.663115,11.663116,component:C2,two-circle geometric degeneracy,18,3136.178472,1091.684421,3423717.180409,24366.476182,3136.179274,38.668218,0,0,0,0,reflection,True,1.000057,0.999711,0.999768,1.00028,1.000057
component:C1,net:-9V,2011.690085,36.731304,36.731303,36.731304,component:RMIN1,two-circle geometric degeneracy,20,3137.721585,1087.898851,3413523.70582,24308.272082,3137.89782,52.042329,0,0,0,0,reflection,True,1.000549,0.996244,0.996791,0.997891,1.000605
component:C1,net:EA,2117.241838,22.865598,22.865597,22.865598,component:RMIN1,two-circle geometric degeneracy,19,3138.167982,1090.934364,3423535.290826,24341.127917,3138.244824,46.702939,0,0,0,0,reflection,True,1.000691,0.999024,0.999715,0.99924,1.000716
component:C1,net:EB,2283.202137,4.463906,4.463905,4.463906,component:RMIN1,two-circle geometric degeneracy,17,3136.708034,1091.969099,3425188.244118,24357.503838,3136.711098,52.000803,0,0,0,0,reflection,True,1.000226,0.999972,1.000197,0.999912,1.000227
component:C1,net:EOUT,2166.180971,34.111647,34.111646,34.111647,component:J_OUT,two-circle geometric degeneracy,20,3130.421276,1107.563882,3467141.542128,24322.443036,3130.467348,52.074143,0,0,0,0,reflection,True,0.998221,1.014253,1.012448,0.998473,0.998236
component:C1,net:GND,2842.475682,48.405691,48.40569,48.405691,net:R1_EXT,two-circle geometric degeneracy,20,3135.513797,1090.892956,3420509.915845,24381.917701,3135.626395,52.061777,0,0,0,0,reflection,True,0.999845,0.998986,0.998831,1.000914,0.999881
component:C1,net:NODE_A,748.946594,6.804223,6.804222,6.804223,net:RA_W,two-circle geometric degeneracy,17,3135.895553,1091.605295,3423160.19206,24353.560572,3135.895555,46.850275,0,0,0,0,reflection,True,0.999967,0.999639,0.999605,0.99975,0.999967
component:C1,net:NODE_B,1263.848488,4.032129,4.032128,4.032129,component:R3,two-circle geometric degeneracy,16,3135.954777,1092.067961,3424675.739093,24355.890358,3135.954778,52.000537,0,0,0,0,reflection,True,0.999986,1.000062,1.000048,0.999846,0.999986
component:C1,net:NODE_C,1551.971971,13.134258,13.134257,13.134258,net:R4_W,two-circle geometric degeneracy,18,3135.475293,1092.981857,3427017.606437,24348.039933,3135.47552,52.008132,0,0,0,0,reflection,True,0.999833,1.000899,1.000732,0.999523,0.999833
component:C1,net:R1_EXT,202.78067,75.391802,75.391801,75.391802,net:R1_W,two-circle geometric degeneracy,21,3128.478247,1093.894559,3422225.331246,24405.828301,3128.606708,52.072458,0,0,0,0,reflection,True,0.997601,1.001735,0.999332,1.001896,0.997642
component:C1,net:R1_W,142.898565,106.984979,106.984978,106.984979,net:R1_EXT,two-circle geometric degeneracy,21,3116.418966,1091.244253,3400774.287076,24317.806217,3116.473587,29.363489,0,0,0,0,reflection,True,0.993756,0.999308,0.993068,0.998282,0.993773
component:C1,net:R4_EXT,2061.188977,33.376852,33.376851,33.376852,net:NODE_B,two-circle geometric degeneracy,19,3132.643931,1097.660263,3438578.760773,24349.209229,3132.651907,39.874626,0,0,0,0,reflection,True,0.99893,1.005183,1.004108,0.999571,0.998932
component:C1,net:R4_W,2039.428351,9.994958,9.994957,9.994958,net:NODE_C,two-circle geometric degeneracy,18,3135.700557,1092.546264,3425897.928511,24340.610753,3135.700629,51.030391,0,0,0,0,reflection,True,0.999905,1.0005,1.000405,0.999218,0.999905
component:C1,net:RA_SW,1463.024607,1.741598,1.741597,1.741598,component:J_RA,two-circle geometric degeneracy,15,3135.993223,1092.006187,3424524.000928,24360.931246,3135.993223,52.000021,0,0,0,0,reflection,True,0.999998,1.000006,1.000004,1.000053,0.999998
component:C1,net:RA_W,1355.17379,3.760403,3.760402,3.760403,net:NODE_A,two-circle geometric degeneracy,16,3135.968041,1091.907042,3424185.588542,24356.893793,3135.968041,51.863854,0,0,0,0,reflection,True,0.99999,0.999915,0.999905,0.999887,0.99999
component:C2,component:JP1,1181.839668,32.339412,32.339411,32.339412,net:RA_SW,two-circle geometric degeneracy,19,3134.685431,1067.961169,3347722.316743,24326.021619,3134.685882,22.442367,0,0,0,0,reflection,True,0.999581,0.977986,0.977576,0.99862,0.999581
component:C2,component:J_EA,142.898565,35.66166,35.661659,35.66166,component:J_EB,two-circle geometric degeneracy,20,3135.028107,1091.958175,3423319.571777,24379.834008,3135.028241,37.845027,0,0,0,0,reflection,True,0.99969,0.999962,0.999652,1.000829,0.99969
component:C2,component:J_EB,184.228119,13.830679,13.830678,13.830679,net:EB,two-circle geometric degeneracy,18,3135.847376,1091.989678,3424312.967068,24348.992146,3135.847378,50.126962,0,0,0,0,reflection,True,0.999951,0.999991,0.999942,0.999562,0.999951
component:C2,component:J_OUT,572.0,0.0,0.0,0.0,net:EA,two-circle geometric degeneracy at h=0,0,3136.0,1092.0,3424512.0,24359.649504,3136.0,52.0,0,0,0,0,reflection,True,1.0,1.0,1.0,1.0,1.0
component:C2,component:J_PWR,221.882852,0.0,0.0,0.0,net:-9V,two-circle geometric degeneracy at h=0,0,3136.0,1092.0,3424512.0,24359.649504,3136.0,52.0,0,0,0,0,reflection,True,1.0,1.0,1.0,1.0,1.0
component:C2,component:J_R1,1792.100723,14.217951,14.21795,14.217951,net:GND,two-circle geometric degeneracy,18,3131.84329,1105.419706,3462001.29039,24360.454508,3131.873295,50.018496,0,0,0,0,reflection,True,0.998675,1.012289,1.010947,1.000033,0.998684
component:C2,component:J_R4,641.081118,11.923608,11.923607,11.923608,net:EA,two-circle geometric degeneracy,18,3135.867353,1092.043668,3424504.087606,24365.494896,3135.867353,50.6145,0,0,0,0,reflection,True,0.999958,1.00004,0.999998,1.00024,0.999958
component:C2,component:J_RA,1400.840105,30.921445,30.921444,30.921445,net:NODE_C,two-circle geometric degeneracy,19,3134.763525,1087.726234,3409764.524686,24301.618747,3134.763972,41.807467,0,0,0,0,reflection,True,0.999606,0.996086,0.995694,0.997618,0.999606
component:C2,component:R2,1130.426911,27.048188,27.048187,27.048188,component:TPA,two-circle geometric degeneracy,19,3134.535834,1094.007433,3429205.500408,24282.871557,3134.537487,44.41166,0,0,0,0,reflection,True,0.999533,1.001838,1.001371,0.996848,0.999534
component:C2,component:R3,940.774149,10.833631,10.83363,10.833631,net:NODE_C,two-circle geometric degeneracy,18,3135.839047,1091.862317,3423904.488246,24383.271735,3135.839057,50.858947,0,0,0,0,reflection,True,0.999949,0.999874,0.999823,1.00097,0.999949
component:C2,component:RMIN1,2409.992739,12.687175,12.687174,12.687175,net:+9V,two-circle geometric degeneracy,18,3135.974322,1091.917652,3424225.719342,24355.856805,3135.974336,50.42852,0,0,0,0,reflection,True,0.999992,0.999925,0.999916,0.999844,0.999992
component:C2,component:RMIN4,899.929442,19.819332,19.819331,19.819332,net:EA,two-circle geometric degeneracy,19,3135.618429,1092.238243,3424842.362516,24407.11119,3135.618433,48.074881,0,0,0,0,reflection,True,0.999878,1.000218,1.000096,1.001948,0.999878
component:C2,component:TPA,1196.864236,25.546757,25.546756,25.546757,component:R2,two-circle geometric degeneracy,19,3134.800396,1093.350148,3427434.47712,24370.162967,3134.801382,45.291978,0,0,0,0,reflection,True,0.999617,1.001236,1.000853,1.000432,0.999618
component:C2,component:TPB,1010.481568,2.52157,2.521569,2.52157,net:NODE_C,two-circle geometric degeneracy,16,3135.991466,1091.988599,3424466.927967,24354.11521,3135.991466,51.938826,0,0,0,0,reflection,True,0.999997,0.99999,0.999987,0.999773,0.999997
component:C2,component:TPC,852.08509,20.932182,20.932181,20.932182,net:EA,two-circle geometric degeneracy,19,3135.571564,1092.289557,3424952.074496,24376.695121,3135.57157,47.60088,0,0,0,0,reflection,True,0.999863,1.000265,1.000129,1.0007,0.999863
component:C2,component:TPO,590.586996,12.943055,12.943054,12.943055,component:J_R4,two-circle geometric degeneracy,18,3135.842963,1092.056889,3424518.910885,24367.13862,3135.842963,50.363453,0,0,0,0,reflection,True,0.99995,1.000052,1.000002,1.000307,0.99995
component:C2,component:U1,327.029051,15.582713,15.582712,15.582713,net:EA,two-circle geometric degeneracy,18,3135.796303,1091.988196,3424252.548294,24348.815144,3135.796303,49.610272,0,0,0,0,reflection,True,0.999935,0.999989,0.999924,0.999555,0.999935
component:C2,net:+9V,147.0,52.0,51.999999,52.0,net:-9V,two-circle geometric degeneracy,20,3136.0,1083.864397,3398998.749747,24313.714371,3136.0,0.010198,0,0,0,0,reflection,True,1.0,0.99255,0.99255,0.998114,1.0
component:C2,net:-9V,110.941426,0.0,0.0,0.0,component:J_PWR,two-circle geometric degeneracy at h=0,0,3136.0,1092.0,3424512.0,24359.649504,3136.0,52.0,0,0,0,0,reflection,True,1.0,1.0,1.0,1.0,1.0
component:C2,net:EA,52.0,0.0,0.0,0.0,component:J_OUT,two-circle geometric degeneracy at h=0,0,3136.0,1092.0,3424512.0,24359.649504,3136.0,52.0,0,0,0,0,reflection,True,1.0,1.0,1.0,1.0,1.0
component:C2,net:EB,254.701786,10.003856,10.003855,10.003856,component:J_EB,two-circle geometric degeneracy,18,3135.921064,1091.994921,3424409.873334,24350.389163,3135.921065,45.866025,0,0,0,0,reflection,True,0.999975,0.999995,0.99997,0.99962,0.999975
component:C2,net:EOUT,522.303552,4.878389,4.878388,4.878389,net:EA,two-circle geometric degeneracy,17,3135.978451,1092.002695,3424496.918608,24365.63574,3135.978451,51.770661,0,0,0,0,reflection,True,0.999993,1.000002,0.999996,1.000246,0.999993
component:C2,net:GND,763.864517,33.356701,33.3567,33.356701,component:J_R1,two-circle geometric degeneracy,19,3135.82253,1091.038172,3421302.080358,24274.604555,3135.822592,39.891485,0,0,0,0,reflection,True,0.999943,0.999119,0.999063,0.996509,0.999943
component:C2,net:NODE_A,1609.695623,33.241067,33.241066,33.241067,net:+9V,two-circle geometric degeneracy,19,3140.707224,1090.40539,3424644.08614,24349.179925,3140.772681,39.987892,0,0,0,0,reflection,True,1.001501,0.99854,1.000039,0.99957,1.001522
component:C2,net:NODE_B,1064.638906,28.719597,28.719596,28.719597,component:R2,two-circle geometric degeneracy,19,3134.134348,1095.090454,3432160.604602,24334.308875,3134.137429,43.349565,0,0,0,0,reflection,True,0.999405,1.00283,1.002233,0.99896,0.999406
component:C2,net:NODE_C,830.433622,3.068277,3.068276,3.068277,component:TPB,two-circle geometric degeneracy,16,3135.987316,1091.984355,3424449.085889,24357.205059,3135.987316,51.909399,0,0,0,0,reflection,True,0.999996,0.999986,0.999982,0.9999,0.999996
component:C2,net:R1_EXT,2305.347045,6.63154,6.631539,6.63154,net:+9V,two-circle geometric degeneracy,17,3136.005866,1091.88524,3424158.516829,24358.227302,3136.005868,51.575408,0,0,0,0,reflection,True,1.000002,0.999895,0.999897,0.999942,1.000002
component:C2,net:R1_W,2205.613067,3.465703,3.465702,3.465703,net:+9V,two-circle geometric degeneracy,16,3136.000307,1091.966743,3424408.041059,24358.856104,3136.000307,51.88438,0,0,0,0,reflection,True,1.0,0.99997,0.99997,0.999967,1.0
component:C2,net:R4_EXT,768.120433,16.585941,16.58594,16.585941,net:R4_W,two-circle geometric degeneracy,18,3135.737462,1092.128936,3424629.617852,24372.787528,3135.737463,49.283939,0,0,0,0,reflection,True,0.999916,1.000118,1.000034,1.000539,0.999916
component:C2,net:R4_W,719.027816,17.718369,17.718368,17.718369,net:R4_EXT,two-circle geometric degeneracy,19,3135.698591,1092.161368,3424688.861921,24388.492052,3135.698593,48.888234,0,0,0,0,reflection,True,0.999904,1.000148,1.000052,1.001184,0.999904
component:C2,net:RA_SW,1394.109034,27.415359,27.415358,27.415359,component:JP1,two-circle geometric degeneracy,19,3135.076128,1092.95398,3426493.93216,24359.447608,3135.076331,44.185949,0,0,0,0,reflection,True,0.999705,1.000874,1.000579,0.999992,0.999705
component:C2,net:RA_W,1370.594397,3.718095,3.718094,3.718095,component:TPB,two-circle geometric degeneracy,16,3135.981531,1091.972856,3424406.707452,24359.886118,3135.981531,51.866904,0,0,0,0,reflection,True,0.999994,0.999975,0.999969,1.00001,0.999994
component:JP1,component:J_EA,1203.41888,12.703806,12.703805,12.703806,component:J_RA,two-circle geometric degeneracy,18,3135.307779,1091.87511,3423364.525729,24362.028649,3135.307987,50.424333,0,0,0,0,reflection,True,0.999779,0.999886,0.999665,1.000098,0.999779
component:JP1,component:J_EB,1177.29563,4.328564,4.328563,4.328564,component:J_RA,two-circle geometric degeneracy,17,3136.560546,1091.868405,3424711.360826,24364.141045,3136.560708,51.819529,0,0,0,0,reflection,True,1.000179,0.999879,1.000058,1.000184,1.000179
component:JP1,component:J_OUT,943.979343,18.894481,18.89448,18.894481,net:RA_W,two-circle geometric degeneracy,19,3136.020246,1090.482933,3419776.55613,24374.232071,3136.020249,35.598072,0,0,0,0,reflection,True,1.000006,0.998611,0.998617,1.000599,1.000006
component:JP1,component:J_PWR,1110.157196,6.885511,6.88551,6.885511,net:RA_SW,two-circle geometric degeneracy,17,3135.961429,1096.58118,3438836.282759,24372.451128,3135.961429,52.002151,0,0,0,0,reflection,True,0.999988,1.004195,1.004183,1.000526,0.999988
component:JP1,component:J_R1,811.122679,50.261201,50.2612,50.261201,component:RMIN4,two-circle geometric degeneracy,20,3136.371876,1087.653913,3411287.145191,24427.125205,3136.37219,52.073154,0,0,0,0,reflection,True,1.000119,0.99602,0.996138,1.00277,1.000119
component:JP1,component:J_R4,790.867878,25.774217,25.774216,25.774217,net:RA_W,two-circle geometric degeneracy,19,3136.022682,1089.250427,3415914.044347,24388.260704,3136.022686,45.162925,0,0,0,0,reflection,True,1.000007,0.997482,0.997489,1.001175,1.000007
component:JP1,component:J_RA,221.882852,22.967075,22.967074,22.967075,component:J_EB,two-circle geometric degeneracy,19,3138.802923,1088.365434,3416164.606566,24318.747607,3138.807368,44.052471,0,0,0,0,reflection,True,1.000894,0.996672,0.997562,0.998321,1.000895
component:JP1,component:R2,277.856078,64.191506,64.191505,64.191506,component:TPA,two-circle geometric degeneracy,20,3133.133278,1088.811281,3411390.857049,24476.63712,3133.133465,31.375958,0,0,0,0,reflection,True,0.999086,0.99708,0.996168,1.004803,0.999086
component:JP1,component:R3,254.701786,10.003856,10.003855,10.003856,component:TPB,two-circle geometric degeneracy,18,3135.926708,1093.025813,3427648.840881,24373.071322,3135.926708,52.002716,0,0,0,0,reflection,True,0.999977,1.000939,1.000916,1.000551,0.999977
component:JP1,component:RMIN1,1742.697908,26.317814,26.317813,26.317814,net:R1_W,two-circle geometric degeneracy,19,3135.889562,1090.607063,3420023.304243,24369.85194,3135.889566,52.010751,0,0,0,0,reflection,True,0.999965,0.998724,0.998689,1.000419,0.999965
component:JP1,component:RMIN4,597.126452,51.205234,50.772179,50.77218,,embedding/cyclic-order violation,20,3136.152403,1083.722209,3398718.010212,24422.989042,3136.152522,11.233247,0,0,0,0,reflection,True,1.000049,0.99242,0.992468,1.0026,1.000049
component:JP1,component:TPA,254.701786,70.026992,70.026991,70.026992,component:R2,two-circle geometric degeneracy,21,3131.904982,1087.215073,3405054.302353,24353.548544,3131.906319,14.185222,0,0,0,0,reflection,True,0.998694,0.995618,0.994318,0.99975,0.998695
component:JP1,component:TPB,184.228119,13.830679,13.830678,13.830679,component:R3,two-circle geometric degeneracy,18,3135.864797,1093.318039,3428497.548933,24357.267431,3135.864798,52.003983,0,0,0,0,reflection,True,0.999957,1.001207,1.001164,0.999902,0.999957
component:JP1,component:TPC,590.294842,51.797844,51.684683,51.684684,,embedding/cyclic-order violation,20,3136.037606,1082.667533,3395286.09861,24324.26075,3136.037635,5.717827,0,0,0,0,reflection,True,1.000012,0.991454,0.991466,0.998547,1.000012
component:JP1,component:TPO,799.369752,12.750045,12.750044,12.750045,net:RA_W,two-circle geometric degeneracy,18,3136.013593,1091.290863,3422302.978972,24362.959847,3136.013593,50.412661,0,0,0,0,reflection,True,1.000004,0.999351,0.999355,1.000136,1.000004
component:JP1,component:U1,1109.908555,22.956846,22.956845,22.956846,component:J_RA,two-circle geometric degeneracy,19,3136.337154,1089.052769,3415636.661778,24320.871411,3136.337265,22.151121,0,0,0,0,reflection,True,1.000108,0.997301,0.997408,0.998408,1.000108
component:JP1,net:+9V,1069.878498,4.763158,4.763157,4.763158,net:-9V,two-circle geometric degeneracy,17,3135.978182,1091.419707,3422668.3882,24353.011188,3135.978182,52.001518,0,0,0,0,reflection,True,0.999993,0.999469,0.999462,0.999727,0.999993
component:JP1,net:-9V,1141.178777,4.465558,4.465557,4.465558,net:+9V,two-circle geometric degeneracy,17,3135.981,1091.456717,3422787.526332,24354.635851,3135.981,52.001315,0,0,0,0,reflection,True,0.999994,0.999502,0.999496,0.999794,0.999994
component:JP1,net:EA,1150.5377,31.004634,31.004633,31.004634,component:J_RA,two-circle geometric degeneracy,19,3134.544292,1081.782796,3390896.08909,24340.045089,3134.544933,26.663429,0,0,0,0,reflection,True,0.999536,0.990644,0.990184,0.999195,0.999536
component:JP1,net:EB,1196.864236,8.515586,8.515585,8.515586,component:J_RA,two-circle geometric degeneracy,18,3136.121671,1091.550532,3423235.280353,24347.705354,3136.121682,43.665103,0,0,0,0,reflection,True,1.000039,0.999588,0.999627,0.99951,1.000039
component:JP1,net:EOUT,906.19424,5.623518,5.623517,5.623518,net:RA_W,two-circle geometric degeneracy,17,3136.003959,1091.85728,3424068.752848,24364.176068,3136.003959,52.003543,0,0,0,0,reflection,True,1.000001,0.999869,0.999871,1.000186,1.000001
component:JP1,net:GND,1910.929617,5.33353,5.333529,5.33353,component:J_EB,two-circle geometric degeneracy,17,3135.995465,1091.805916,3423898.400915,24368.272952,3135.995465,47.123962,0,0,0,0,reflection,True,0.999999,0.999822,0.999821,1.000354,0.999999
component:JP1,net:NODE_A,733.665455,41.675671,41.67567,41.675671,net:R1_EXT,two-circle geometric degeneracy,20,3141.27748,1087.884563,3417347.279867,24355.652708,3141.291056,52.029705,0,0,0,0,reflection,True,1.001683,0.996231,0.997908,0.999836,1.001687
component:JP1,net:NODE_B,315.824318,56.474435,56.474434,56.474435,component:R2,two-circle geometric degeneracy,20,3133.914285,1090.686072,3418116.661075,24375.377045,3133.914302,43.768005,0,0,0,0,reflection,True,0.999335,0.998797,0.998132,1.000646,0.999335
component:JP1,net:NODE_C,357.246414,0.0,0.0,0.0,net:RA_SW,two-circle geometric degeneracy at h=0,0,3136.0,1092.0,3424512.0,24359.649504,3136.0,52.0,0,0,0,0,reflection,True,1.0,1.0,1.0,1.0,1.0
component:JP1,net:R1_EXT,1604.558506,6.351903,6.351902,6.351903,net:R1_W,two-circle geometric degeneracy,17,3136.270115,1091.907324,3424516.307706,24357.954241,3136.270146,52.000654,0,0,0,0,reflection,True,1.000086,0.999915,1.000001,0.99993,1.000086
component:JP1,net:R1_W,1493.812572,6.82281,6.822809,6.82281,net:R1_EXT,two-circle geometric degeneracy,17,3136.393566,1091.89346,3424607.622663,24360.178,3136.393631,52.000748,0,0,0,0,reflection,True,1.000125,0.999902,1.000028,1.000022,1.000126
component:JP1,net:R4_EXT,686.0,52.0,51.999999,52.0,component:TPC,two-circle geometric degeneracy,20,3136.0,1081.63265,3391999.990989,24369.925934,3136.0,0.010198,0,0,0,0,reflection,True,1.0,0.990506,0.990506,1.000422,1.0
component:JP1,net:R4_W,687.968023,37.036605,37.036604,37.036605,net:RA_W,two-circle geometric degeneracy,20,3136.01459,1086.529805,3407373.321453,24378.605932,3136.014596,36.500547,0,0,0,0,reflection,True,1.000005,0.994991,0.994995,1.000778,1.000005
component:JP1,net:RA_SW,214.347848,0.0,0.0,0.0,net:NODE_C,two-circle geometric degeneracy at h=0,0,3136.0,1092.0,3424512.0,24359.649504,3136.0,52.0,0,0,0,0,reflection,True,1.0,1.0,1.0,1.0,1.0
component:JP1,net:RA_W,202.78067,25.130601,25.1306,25.130601,net:EOUT,two-circle geometric degeneracy,19,3136.10652,1089.028749,3415310.16092,24373.353043,3136.106546,45.524202,0,0,0,0,reflection,True,1.000034,0.997279,0.997313,1.000563,1.000034
component:J_EA,component:J_EB,52.0,0.0,0.0,0.0,component:U1,two-circle geometric degeneracy at h=0,0,3136.0,1092.0,3424512.0,24359.649504,3136.0,52.0,0,0,0,0,reflection,True,1.0,1.0,1.0,1.0,1.0
component:J_EA,component:J_OUT,478.150604,10.65773,10.657729,10.65773,component:J_EB,two-circle geometric degeneracy,18,3135.878496,1092.03255,3424481.389396,24367.122708,3135.878496,50.896098,0,0,0,0,reflection,True,0.999961,1.00003,0.999991,1.000307,0.999961
component:J_EA,component:J_PWR,360.138862,14.150097,14.150096,14.150097,net:EA,two-circle geometric degeneracy,18,3135.858472,1092.006655,3424378.319475,24363.915872,3135.858478,38.767374,0,0,0,0,reflection,True,0.999955,1.000006,0.999961,1.000175,0.999955
component:J_EA,component:J_R1,1860.114244,50.682908,50.616951,50.616952,,"unrelated edge crossing, embedding/cyclic-order violation",20,3137.485905,1088.034336,3413692.394129,24334.689087,3137.492588,11.913196,0,0,0,0,reflection,True,1.000474,0.996368,0.996841,0.998975,1.000476
component:J_EA,component:J_R4,574.826061,22.163226,22.163225,22.163226,component:TPO,two-circle geometric degeneracy,19,3135.40563,1092.379465,3425052.723734,24358.31574,3135.405643,47.040317,0,0,0,0,reflection,True,0.99981,1.000347,1.000158,0.999945,0.99981
component:J_EA,component:J_RA,1424.994386,10.728463,10.728462,10.728463,component:JP1,two-circle geometric degeneracy,18,3135.462533,1092.158678,3424422.61466,24353.595878,3135.462663,50.881235,0,0,0,0,reflection,True,0.999829,1.000145,0.999974,0.999751,0.999829
component:J_EA,component:R2,1184.324702,34.422992,34.422991,34.422992,net:NODE_B,two-circle geometric degeneracy,20,3137.685228,1089.986887,3420035.755333,24257.481278,3137.689566,38.97509,0,0,0,0,reflection,True,1.000537,0.998156,0.998693,0.995806,1.000539
component:J_EA,component:R3,975.182034,5.225691,5.22569,5.225691,net:NODE_C,two-circle geometric degeneracy,17,3136.592995,1091.930236,3424940.729656,24346.735248,3136.593247,51.736758,0,0,0,0,reflection,True,1.000189,0.999936,1.000125,0.99947,1.000189
component:J_EA,component:RMIN1,2518.401279,15.176295,15.176294,15.176295,component:C1,two-circle geometric degeneracy,18,3135.963264,1091.875739,3424082.207209,24351.931073,3135.963278,49.736105,0,0,0,0,reflection,True,0.999988,0.999886,0.999874,0.999683,0.999988
component:J_EA,component:RMIN4,851.155097,2.993579,2.993578,2.993579,net:R4_W,two-circle geometric degeneracy,16,3135.988331,1092.009917,3424530.357639,24361.218274,3135.988331,51.91376,0,0,0,0,reflection,True,0.999996,1.000009,1.000005,1.000064,0.999996
component:J_EA,component:TPA,1247.410117,32.682114,32.682113,32.682114,component:R2,two-circle geometric degeneracy,19,3138.116801,1090.082827,3420807.233003,24363.755821,3138.122506,40.446007,0,0,0,0,reflection,True,1.000675,0.998244,0.998918,1.000169,1.000677
component:J_EA,component:TPB,1042.010077,7.335822,7.335821,7.335822,net:GND,two-circle geometric degeneracy,17,3132.698344,1098.408329,3440981.951559,24349.507397,3132.705229,51.479955,0,0,0,0,reflection,True,0.998947,1.005868,1.004809,0.999584,0.998949
component:J_EA,component:TPC,807.128862,25.254951,25.25495,25.254951,net:R4_W,two-circle geometric degeneracy,19,3135.145382,1092.792539,3426063.480825,24354.853325,3135.145431,45.455335,0,0,0,0,reflection,True,0.999727,1.000726,1.000453,0.999803,0.999727
component:J_EA,component:TPO,528.250887,14.470397,14.470396,14.470397,net:R4_EXT,two-circle geometric degeneracy,18,3135.739575,1092.187151,3424814.473817,24356.439062,3135.739578,49.946047,0,0,0,0,reflection,True,0.999917,1.000171,1.000088,0.999868,0.999917
component:J_EA,component:U1,208.0,0.0,0.0,0.0,component:J_EB,two-circle geometric degeneracy at h=0,0,3136.0,1092.0,3424512.0,24359.649504,3136.0,52.0,0,0,0,0,reflection,True,1.0,1.0,1.0,1.0,1.0
component:J_EA,net:+9V,266.159726,9.573199,9.573198,9.573199,net:EA,two-circle geometric degeneracy,18,3135.940621,1092.025376,3424526.735379,24351.690006,3135.940624,51.111191,0,0,0,0,reflection,True,0.999981,1.000023,1.000004,0.999673,0.999981
component:J_EA,net:-9V,250.503493,20.34303,20.343029,20.34303,net:EA,two-circle geometric degeneracy,19,3135.70065,1092.002805,3424193.904447,24375.861672,3135.700672,32.382784,0,0,0,0,reflection,True,0.999905,1.000003,0.999907,1.000666,0.999905
component:J_EA,net:EA,110.941426,22.967075,22.967074,22.967075,net:+9V,two-circle geometric degeneracy,19,3135.646577,1092.072277,3424352.698058,24364.379404,3135.646648,44.052471,0,0,0,0,reflection,True,0.999887,1.000066,0.999953,1.000194,0.999887
component:J_EA,net:EB,114.965212,22.163226,22.163225,22.163226,component:J_EB,two-circle geometric degeneracy,19,3135.582226,1091.974225,3423974.972763,24333.621445,3135.582232,47.040317,0,0,0,0,reflection,True,0.999867,0.999976,0.999843,0.998932,0.999867
component:J_EA,net:EOUT,441.208567,17.32514,17.325139,17.32514,component:J_EB,two-circle geometric degeneracy,19,3135.657477,1092.159618,3424638.471576,24367.919306,3135.657479,49.028967,0,0,0,0,reflection,True,0.999891,1.000146,1.000037,1.000339,0.999891
component:J_EA,net:GND,709.304589,10.776752,10.776751,10.776752,component:TPB,two-circle geometric degeneracy,18,3135.981483,1091.7151,3423598.339486,24341.973981,3135.981483,50.871029,0,0,0,0,reflection,True,0.999994,0.999739,0.999733,0.999274,0.999994
component:J_EA,net:NODE_A,1686.166065,51.378095,51.321513,51.321514,,"unrelated edge crossing, embedding/cyclic-order violation",20,3136.688483,1087.909325,3412432.651643,24299.485978,3136.691586,8.372709,0,0,0,0,reflection,True,1.00022,0.996254,0.996473,0.99753,1.000221
component:J_EA,net:NODE_B,1122.242398,36.327268,36.327267,36.327268,component:R2,two-circle geometric degeneracy,20,3137.346062,1089.858781,3419264.153846,24314.202348,3137.349509,37.206581,0,0,0,0,reflection,True,1.000429,0.998039,0.998468,0.998134,1.00043
component:J_EA,net:NODE_C,864.379546,5.895558,5.895557,5.895558,component:R3,two-circle geometric degeneracy,17,3136.512686,1091.913913,3424801.840187,24354.567565,3136.51288,51.664711,0,0,0,0,reflection,True,1.000163,0.999921,1.000085,0.999791,1.000164
component:J_EA,net:R1_EXT,2409.992739,43.347848,43.347847,43.347848,net:R1_W,two-circle geometric degeneracy,20,3136.679222,1088.36623,3413855.741003,24326.800582,3136.689021,28.722189,0,0,0,0,reflection,True,1.000217,0.996672,0.996888,0.998652,1.00022
component:J_EA,net:R1_W,2308.277496,45.25799,45.257989,45.25799,net:EA,two-circle geometric degeneracy,20,3136.302866,1087.912277,3412022.391246,24295.998492,3136.306053,25.606921,0,0,0,0,reflection,True,1.000097,0.996257,0.996353,0.997387,1.000098
component:J_EA,net:R4_EXT,712.05688,10.735097,10.735096,10.735097,component:TPO,two-circle geometric degeneracy,18,3135.854618,1092.110442,3424699.573429,24363.556762,3135.854619,50.879836,0,0,0,0,reflection,True,0.999954,1.000101,1.000055,1.00016,0.999954
component:J_EA,net:R4_W,666.95802,3.82033,3.820329,3.82033,component:RMIN4,two-circle geometric degeneracy,16,3135.981063,1092.015905,3424541.198069,24362.553129,3135.981063,51.859474,0,0,0,0,reflection,True,0.999994,1.000015,1.000009,1.000119,0.999994
component:J_EA,net:RA_SW,1411.161224,43.334524,43.334523,43.334524,component:J_EB,two-circle geometric degeneracy,20,3129.695599,1101.028273,3445883.34171,24325.919861,3129.710033,28.742288,0,0,0,0,reflection,True,0.99799,1.008268,1.006241,0.998615,0.997994
component:J_EA,net:RA_W,1399.142952,34.601182,34.601181,34.601182,net:GND,two-circle geometric degeneracy,20,3119.090983,1117.61018,3485927.834186,24277.507875,3119.241486,38.816984,0,0,0,0,reflection,True,0.994608,1.023453,1.017934,0.996628,0.994656
component:J_EB,component:J_OUT,427.387412,11.923608,11.923607,11.923608,component:J_EA,two-circle geometric degeneracy,18,3135.843527,1092.047054,3424488.686746,24348.305991,3135.843527,50.6145,0,0,0,0,reflection,True,0.99995,1.000043,0.999993,0.999534,0.99995
component:J_EB,component:J_PWR,392.474203,6.492146,6.492145,6.492146,net:EB,two-circle geometric degeneracy,17,3135.969806,1091.999496,3424477.449196,24365.653936,3135.969807,51.59314,0,0,0,0,reflection,True,0.99999,1.0,0.99999,1.000246,0.99999
component:J_EB,component:J_R1,1849.179548,42.71516,42.715159,42.71516,net:NODE_B,two-circle geometric degeneracy,20,3136.570772,1089.087236,3415999.191658,24406.363797,3136.572061,29.654936,0,0,0,0,reflection,True,1.000182,0.997333,0.997514,1.001918,1.000182
component:J_EB,component:J_R4,528.250887,24.117328,24.117327,24.117328,component:TPO,two-circle geometric degeneracy,19,3135.23984,1092.532927,3425352.760196,24328.05669,3135.239866,46.069019,0,0,0,0,reflection,True,0.999758,1.000488,1.000246,0.998703,0.999758
component:J_EB,component:J_RA,1399.142952,3.64223,3.642229,3.64223,component:JP1,two-circle geometric degeneracy,16,3136.299826,1091.912218,3424564.099136,24359.890977,3136.299873,51.872287,0,0,0,0,reflection,True,1.000096,0.99992,1.000015,1.00001,1.000096
component:J_EB,component:R2,1169.390012,37.041534,37.041533,37.041534,net:NODE_B,two-circle geometric degeneracy,20,3136.843006,1089.641398,3418033.998983,24261.576885,3136.844484,36.495545,0,0,0,0,reflection,True,1.000269,0.99784,0.998108,0.995974,1.000269
component:J_EB,component:R3,954.159316,10.681654,10.681653,10.681654,net:NODE_C,two-circle geometric degeneracy,18,3136.216744,1091.723889,3423882.740546,24329.214661,3136.216788,50.891083,0,0,0,0,reflection,True,1.000069,0.999747,0.999816,0.998751,1.000069
component:J_EB,component:RMIN1,2525.370666,9.080647,9.080646,9.080647,component:C1,two-circle geometric degeneracy,18,3135.986852,1091.954153,3424353.865703,24357.399292,3135.986853,51.200995,0,0,0,0,reflection,True,0.999996,0.999958,0.999954,0.999908,0.999996
component:J_EB,component:RMIN4,807.128862,3.156869,3.156868,3.156869,net:R4_W,two-circle geometric degeneracy,16,3135.985707,1092.012773,3424536.448171,24357.940601,3135.985707,50.246802,0,0,0,0,reflection,True,0.999995,1.000012,1.000007,0.99993,0.999995
component:J_EB,component:TPA,1231.045084,35.186364,35.186363,35.186364,component:R2,two-circle geometric degeneracy,20,3136.994354,1089.750611,3418541.513574,24370.595032,3136.995999,38.287333,0,0,0,0,reflection,True,1.000317,0.99794,0.998257,1.000449,1.000318
component:J_EB,component:TPB,1019.714176,27.486134,27.486133,27.486134,component:R3,two-circle geometric degeneracy,19,3138.095174,1089.869273,3420113.504714,24338.834549,3138.098677,44.141959,0,0,0,0,reflection,True,1.000668,0.998049,0.998716,0.999146,1.000669
component:J_EB,component:TPC,764.105359,20.007712,20.007711,20.007712,net:R4_W,two-circle geometric degeneracy,19,3135.399762,1092.586797,3425696.38447,24347.188215,3135.399791,47.996786,0,0,0,0,reflection,True,0.999809,1.000537,1.000346,0.999488,0.999809
component:J_EB,component:TPO,482.784631,5.277716,5.277715,5.277716,net:R4_EXT,two-circle geometric degeneracy,17,3135.961912,1092.030386,3424565.696063,24358.486386,3135.961912,51.731477,0,0,0,0,reflection,True,0.999988,1.000028,1.000016,0.999952,0.999988
component:J_EB,component:U1,156.0,0.0,0.0,0.0,component:J_EA,two-circle geometric degeneracy at h=0,0,3136.0,1092.0,3424512.0,24359.649504,3136.0,52.0,0,0,0,0,reflection,True,1.0,1.0,1.0,1.0,1.0
component:J_EB,net:+9V,290.449651,17.54521,17.545209,17.54521,net:EB,two-circle geometric degeneracy,19,3135.792766,1092.021202,3424352.185257,24374.484709,3135.792783,48.950645,0,0,0,0,reflection,True,0.999934,1.000019,0.999953,1.000609,0.999934
component:J_EB,net:-9V,285.797131,0.0,0.0,0.0,net:EA,two-circle geometric degeneracy at h=0,0,3136.0,1092.0,3424512.0,24359.649504,3136.0,52.0,0,0,0,0,reflection,True,1.0,1.0,1.0,1.0,1.0
component:J_EB,net:EA,142.898565,0.0,0.0,0.0,net:-9V,two-circle geometric degeneracy at h=0,0,3136.0,1092.0,3424512.0,24359.649504,3136.0,52.0,0,0,0,0,reflection,True,1.0,1.0,1.0,1.0,1.0
component:J_EB,net:EB,71.449283,0.0,0.0,0.0,net:-9V,two-circle geometric degeneracy at h=0,0,3136.0,1092.0,3424512.0,24359.649504,3136.0,52.0,0,0,0,0,reflection,True,1.0,1.0,1.0,1.0,1.0
component:J_EB,net:EOUT,392.562097,19.472079,19.472078,19.472079,component:J_EA,two-circle geometric degeneracy,19,3135.541273,1092.243137,3424773.434977,24339.507925,3135.541279,48.216576,0,0,0,0,reflection,True,0.999854,1.000223,1.000076,0.999173,0.999854
component:J_EB,net:GND,733.665455,13.89189,13.891889,13.89189,component:JP1,two-circle geometric degeneracy,18,3135.96923,1090.240246,3418959.863412,24355.963608,3135.969231,50.110033,0,0,0,0,reflection,True,0.99999,0.998389,0.998379,0.999849,0.99999
component:J_EB,net:NODE_A,1678.934186,51.599402,51.531809,51.53181,,"unrelated edge crossing, embedding/cyclic-order violation",20,3136.342087,1087.743754,3411536.51461,24341.930496,3136.343284,6.962229,0,0,0,0,reflection,True,1.000109,0.996102,0.996211,0.999273,1.000109
component:J_EB,net:NODE_B,1108.911178,39.06174,39.061739,39.06174,component:R2,two-circle geometric degeneracy,20,3136.692404,1089.490108,3417395.346678,24328.086265,3136.693717,34.324635,0,0,0,0,reflection,True,1.000221,0.997702,0.997922,0.998704,1.000221
component:J_EB,net:NODE_C,843.800924,12.078678,12.078677,12.078678,component:R3,two-circle geometric degeneracy,18,3136.242261,1091.66556,3423727.664157,24345.473463,3136.24232,50.577718,0,0,0,0,reflection,True,1.000077,0.999694,0.999771,0.999418,1.000077
component:J_EB,net:R1_EXT,2415.036439,41.147205,41.147204,41.147205,net:R1_W,two-circle geometric degeneracy,20,3136.823018,1089.050058,3416157.290103,24383.912046,3136.832225,31.794773,0,0,0,0,reflection,True,1.000262,0.997299,0.99756,1.000996,1.000265
component:J_EB,net:R1_W,2312.373888,42.974019,42.974018,42.974019,net:R1_EXT,two-circle geometric degeneracy,20,3136.420098,1088.696057,3414608.194273,24358.644738,3136.423547,29.278555,0,0,0,0,reflection,True,1.000134,0.996974,0.997108,0.999959,1.000135
component:J_EB,net:R4_EXT,666.95802,3.82033,3.820329,3.82033,component:TPO,two-circle geometric degeneracy,16,3135.979886,1092.016369,3424541.367516,24361.008267,3135.979886,51.859474,0,0,0,0,reflection,True,0.999994,1.000015,1.000009,1.000056,0.999994
component:J_EB,net:R4_W,622.935791,4.090309,4.090308,4.090309,component:RMIN4,two-circle geometric degeneracy,16,3135.975869,1092.021833,3424554.117363,24356.090836,3135.975869,49.698185,0,0,0,0,reflection,True,0.999992,1.00002,1.000012,0.999854,0.999992
component:J_EB,net:RA_SW,1383.097972,25.791376,25.791375,25.791376,net:GND,two-circle geometric degeneracy,19,3122.320622,1113.923401,3478026.008238,24303.776992,3122.398816,45.153128,0,0,0,0,reflection,True,0.995638,1.020076,1.015627,0.997706,0.995663
component:J_EB,net:RA_W,1374.773072,35.214539,35.214538,35.214539,net:GND,two-circle geometric degeneracy,20,3151.786858,1086.69472,3425030.137271,24352.950801,3151.939227,38.261421,0,0,0,0,reflection,True,1.005034,0.995142,1.000151,0.999725,1.005083
component:J_OUT,component:J_PWR,703.840891,18.100682,18.100681,18.100682,net:+9V,two-circle geometric degeneracy,19,3135.75422,1091.981188,3424184.617911,24347.857738,3135.754221,52.000502,0,0,0,0,reflection,True,0.999922,0.999983,0.999904,0.999516,0.999922
component:J_OUT,component:J_R1,1715.788157,4.455095,4.455094,4.455095,component:TPO,two-circle geometric degeneracy,17,3136.00005,1091.958838,3424382.970639,24357.00988,3136.00005,52.001735,0,0,0,0,reflection,True,1.0,0.999962,0.999962,0.999892,1.0
component:J_OUT,component:J_R4,155.926265,16.341057,16.341056,16.341057,net:R4_W,two-circle geometric degeneracy,18,3136.061864,1093.874819,3430459.102883,24358.231579,3136.061869,49.365675,0,0,0,0,reflection,True,1.00002,1.001717,1.001737,0.999942,1.00002
component:J_OUT,component:J_RA,1156.602352,17.624035,17.624034,17.624035,component:J_R4,two-circle geometric degeneracy,19,3136.031845,1089.378067,3416324.309395,24356.358845,3136.031849,30.304192,0,0,0,0,reflection,True,1.00001,0.997599,0.997609,0.999865,1.00001
component:J_OUT,component:R2,1034.242235,14.781837,14.781836,14.781837,component:TPO,two-circle geometric degeneracy,18,3136.007627,1091.61249,3423305.093103,24327.460371,3136.007628,52.019111,0,0,0,0,reflection,True,1.000002,0.999645,0.999648,0.998679,1.000002
component:J_OUT,component:R3,785.722597,9.728624,9.728623,9.728624,component:TPO,two-circle geometric degeneracy,18,3136.001269,1091.819479,3423947.27052,24348.226346,3136.001269,52.008275,0,0,0,0,reflection,True,1.0,0.999835,0.999835,0.999531,1.0
component:J_OUT,component:RMIN1,2524.519954,34.316227,34.316226,34.316227,net:EOUT,two-circle geometric degeneracy,20,3135.812185,1091.110185,3421516.612711,24345.445516,3135.812239,52.085414,0,0,0,0,reflection,True,0.99994,0.999185,0.999125,0.999417,0.99994
component:J_OUT,component:RMIN4,430.405623,23.679988,23.679987,23.679988,net:R4_EXT,two-circle geometric degeneracy,19,3136.876176,1092.447675,3426873.085875,24376.696475,3136.876389,46.295337,0,0,0,0,reflection,True,1.000279,1.00041,1.000689,1.0007,1.000279
component:J_OUT,component:TPA,1079.253446,7.082674,7.082673,7.082674,component:TPO,two-circle geometric degeneracy,17,3136.000338,1091.900327,3424199.795983,24353.868787,3136.000338,52.004386,0,0,0,0,reflection,True,1.0,0.999909,0.999909,0.999763,1.0
component:J_OUT,component:TPB,833.0,0.0,0.0,0.0,component:TPO,two-circle geometric degeneracy at h=0,0,3136.0,1092.0,3424512.0,24359.649504,3136.0,52.0,0,0,0,0,reflection,True,1.0,1.0,1.0,1.0,1.0
component:J_OUT,component:TPC,401.139627,6.351903,6.351902,6.351903,net:R4_EXT,two-circle geometric degeneracy,17,3136.031129,1092.050021,3424702.858891,24359.598207,3136.031129,46.253805,0,0,0,0,reflection,True,1.00001,1.000046,1.000056,0.999998,1.00001
component:J_OUT,component:TPO,147.0,0.0,0.0,0.0,component:TPB,two-circle geometric degeneracy at h=0,0,3136.0,1092.0,3424512.0,24359.649504,3136.0,52.0,0,0,0,0,reflection,True,1.0,1.0,1.0,1.0,1.0
component:J_OUT,component:U1,277.856078,9.170215,9.170214,9.170215,net:EB,two-circle geometric degeneracy,18,3135.889043,1092.052444,3424555.29281,24348.944932,3135.889043,52.000288,0,0,0,0,reflection,True,0.999965,1.000048,1.000013,0.999561,0.999965
component:J_OUT,net:+9V,590.586996,21.571758,21.571757,21.571758,component:J_PWR,two-circle geometric degeneracy,19,3135.645505,1091.975541,3424048.194818,24321.2139,3135.645506,52.000567,0,0,0,0,reflection,True,0.999887,0.999978,0.999865,0.998422,0.999887
component:J_OUT,net:-9V,631.648637,40.338882,40.338881,40.338882,net:EOUT,two-circle geometric degeneracy,20,3134.693531,1091.942668,3422905.616936,24366.270109,3134.693538,52.000771,0,0,0,0,reflection,True,0.999583,0.999947,0.999531,1.000272,0.999583
component:J_OUT,net:EA,520.0,0.0,0.0,0.0,component:C2,two-circle geometric degeneracy at h=0,0,3136.0,1092.0,3424512.0,24359.649504,3136.0,52.0,0,0,0,0,reflection,True,1.0,1.0,1.0,1.0,1.0
component:J_OUT,net:EB,392.562097,6.490693,6.490692,6.490693,component:U1,two-circle geometric degeneracy,17,3135.942087,1092.029192,3424540.30243,24392.197063,3135.942087,52.000168,0,0,0,0,reflection,True,0.999982,1.000027,1.000008,1.001336,0.999982
component:J_OUT,net:EOUT,71.449283,106.984979,106.984978,106.984979,component:TPO,two-circle geometric degeneracy,21,3128.655272,1091.301351,3414305.726685,24215.372105,3128.662927,29.363489,0,0,0,0,reflection,True,0.997658,0.99936,0.99702,0.994077,0.99766
component:J_OUT,net:GND,1071.739241,71.323319,71.323318,71.323319,net:EOUT,two-circle geometric degeneracy,21,3135.188734,1095.069137,3433248.421046,24554.525982,3135.188828,4.240787,0,0,0,0,reflection,True,0.999741,1.002811,1.002551,1.008,0.999741
component:J_OUT,net:NODE_A,1581.735755,12.887108,12.887107,12.887108,net:NODE_C,two-circle geometric degeneracy,18,3136.01132,1091.722824,3423655.13286,24315.242516,3136.011321,52.014524,0,0,0,0,reflection,True,1.000004,0.999746,0.99975,0.998177,1.000004
component:J_OUT,net:NODE_B,992.338652,5.135344,5.135343,5.135344,net:NODE_C,two-circle geometric degeneracy,17,3136.002937,1091.958033,3424383.598359,24370.369642,3136.002937,52.002305,0,0,0,0,reflection,True,1.000001,0.999962,0.999963,1.00044,1.000001
component:J_OUT,net:NODE_C,693.838598,7.344648,7.344647,7.344648,net:NODE_B,two-circle geometric degeneracy,17,3136.005243,1091.913007,3424244.915723,24347.241012,3136.005243,52.004716,0,0,0,0,reflection,True,1.000002,0.99992,0.999922,0.999491,1.000002
component:J_OUT,net:R1_EXT,2400.163536,22.293481,22.29348,22.293481,net:R1_W,two-circle geometric degeneracy,19,3136.920562,1091.354837,3423493.428925,24363.489912,3136.92213,52.040646,0,0,0,0,reflection,True,1.000294,0.999409,0.999703,1.000158,1.000294
component:J_OUT,net:R1_W,2291.59355,23.34969,23.349689,23.34969,net:R1_EXT,two-circle geometric degeneracy,19,3136.70078,1091.282098,3423025.409138,24352.148075,3136.701757,52.046537,0,0,0,0,reflection,True,1.000223,0.999343,0.999566,0.999692,1.000224
component:J_OUT,net:R4_EXT,290.449651,8.772605,8.772604,8.772605,component:TPC,two-circle geometric degeneracy,18,3136.067939,1092.086129,3424856.296496,24367.290456,3136.067941,43.98521,0,0,0,0,reflection,True,1.000022,1.000079,1.000101,1.000314,1.000022
component:J_OUT,net:R4_W,266.159726,9.573199,9.573198,9.573199,component:J_R4,two-circle geometric degeneracy,18,3136.030757,1092.289652,3425453.945462,24358.904703,3136.030758,51.111191,0,0,0,0,reflection,True,1.00001,1.000265,1.000275,0.999969,1.00001
component:J_OUT,net:RA_SW,1122.242398,9.081817,9.081816,9.081817,component:J_R4,two-circle geometric degeneracy,18,3136.012949,1091.972039,3424438.454385,24361.317806,3136.01295,42.391819,0,0,0,0,reflection,True,1.000004,0.999974,0.999979,1.000068,1.000004
component:J_OUT,net:RA_W,1146.033595,15.563244,15.563243,15.563244,component:JP1,two-circle geometric degeneracy,18,3136.016419,1090.824347,3420843.061328,24356.059314,3136.01642,41.619929,0,0,0,0,reflection,True,1.000005,0.998923,0.998929,0.999853,1.000005
component:J_PWR,component:J_R1,1642.174473,85.33807,83.153223,83.153224,,"unrelated edge crossing, embedding/cyclic-order violation",21,3129.350051,1099.203078,3439791.209566,24247.689736,3129.39192,52.251505,0,0,0,0,reflection,True,0.997879,1.006596,1.004462,0.995404,0.997893
component:J_PWR,component:J_R4,729.647175,3.492099,3.492098,3.492099,component:TPO,two-circle geometric degeneracy,16,3135.990726,1091.999754,3424501.100913,24362.580337,3135.990726,51.88261,0,0,0,0,reflection,True,0.999997,1.0,0.999997,1.00012,0.999997
component:J_PWR,component:J_RA,1320.173095,23.160599,23.160598,23.160599,component:R3,two-circle geometric degeneracy,19,3135.559588,1089.600307,3416506.687916,24326.912892,3135.559618,46.557348,0,0,0,0,reflection,True,0.99986,0.997802,0.997662,0.998656,0.99986
component:J_PWR,component:R2,1010.481568,15.12942,15.129419,15.12942,component:TPA,two-circle geometric degeneracy,18,3135.804571,1091.914367,3424030.064319,24309.29394,3135.804584,52.009105,0,0,0,0,reflection,True,0.999938,0.999922,0.999859,0.997933,0.999938
component:J_PWR,component:R3,857.391393,0.0,0.0,0.0,component:TPB,two-circle geometric degeneracy at h=0,0,3136.0,1092.0,3424512.0,24359.649504,3136.0,52.0,0,0,0,0,reflection,True,1.0,1.0,1.0,1.0,1.0
component:J_PWR,component:RMIN1,2207.451245,38.090989,38.090988,38.090989,component:C1,two-circle geometric degeneracy,20,3135.764689,1091.295153,3422044.805832,24361.83705,3135.768658,52.041538,0,0,0,0,reflection,True,0.999925,0.999355,0.99928,1.00009,0.999926
component:J_PWR,component:RMIN4,947.472955,8.067776,8.067775,8.067776,component:TPC,two-circle geometric degeneracy,17,3135.949768,1092.01262,3424496.723255,24365.898567,3135.949768,51.370332,0,0,0,0,reflection,True,0.999984,1.000012,0.999996,1.000257,0.999984
component:J_PWR,component:TPA,1080.416586,14.150097,14.150096,14.150097,component:R2,two-circle geometric degeneracy,18,3135.829708,1091.905345,3424029.218761,24362.392553,3135.829717,52.008025,0,0,0,0,reflection,True,0.999946,0.999913,0.999859,1.000113,0.999946
component:J_PWR,component:TPB,928.840675,0.0,0.0,0.0,component:R3,two-circle geometric degeneracy at h=0,0,3136.0,1092.0,3424512.0,24359.649504,3136.0,52.0,0,0,0,0,reflection,True,1.0,1.0,1.0,1.0,1.0
component:J_PWR,component:TPC,896.13894,8.529927,8.529926,8.529927,component:RMIN4,two-circle geometric degeneracy,18,3135.943813,1092.01505,3424497.841126,24357.199535,3135.943813,51.295617,0,0,0,0,reflection,True,0.999982,1.000014,0.999996,0.999899,0.999982
component:J_PWR,component:TPO,677.773561,3.759368,3.759367,3.759368,component:J_R4,two-circle geometric degeneracy,16,3135.989255,1091.999696,3424499.313091,24362.835215,3135.989255,51.863929,0,0,0,0,reflection,True,0.999997,1.0,0.999996,1.000131,0.999997
component:J_PWR,component:U1,509.403573,20.007712,20.007711,20.007712,net:+9V,two-circle geometric degeneracy,19,3135.706807,1091.976847,3424119.230382,24372.52511,3135.706814,47.993961,0,0,0,0,reflection,True,0.999907,0.999979,0.999885,1.000529,0.999907
component:J_PWR,net:+9V,114.965212,66.489679,66.489678,66.489679,net:-9V,two-circle geometric degeneracy,20,3132.715722,1091.709734,3420016.248698,24293.262276,3132.716104,26.155741,0,0,0,0,reflection,True,0.998953,0.999734,0.998687,0.997275,0.998953
component:J_PWR,net:-9V,110.941426,0.0,0.0,0.0,component:C2,two-circle geometric degeneracy at h=0,0,3136.0,1092.0,3424512.0,24359.649504,3136.0,52.0,0,0,0,0,reflection,True,1.0,1.0,1.0,1.0,1.0
component:J_PWR,net:EA,250.503493,20.34303,20.343029,20.34303,component:J_EB,two-circle geometric degeneracy,19,3135.705295,1092.002893,3424199.252817,24366.552302,3135.705317,32.382784,0,0,0,0,reflection,True,0.999906,1.000003,0.999909,1.000283,0.999906
component:J_PWR,net:EB,463.673376,5.495248,5.495247,5.495248,component:J_EB,two-circle geometric degeneracy,17,3135.978334,1091.999506,3424486.790629,24364.79562,3135.978334,52.000254,0,0,0,0,reflection,True,0.999993,1.0,0.999993,1.000211,0.999993
component:J_PWR,net:EOUT,641.081118,23.847216,23.847215,23.847216,net:+9V,two-circle geometric degeneracy,19,3135.571956,1091.970624,3423952.465325,24341.906649,3135.571958,52.000626,0,0,0,0,reflection,True,0.999864,0.999973,0.999837,0.999272,0.999864
component:J_PWR,net:GND,936.790798,62.558258,62.558257,62.558258,net:-9V,two-circle geometric degeneracy,20,3135.370911,1089.797322,3416918.823163,24407.654877,3135.375969,52.128019,0,0,0,0,reflection,True,0.999799,0.997983,0.997783,1.001971,0.999801
component:J_PWR,net:NODE_A,1449.623399,80.854103,79.366478,79.366479,,"unrelated edge crossing, embedding/cyclic-order violation",21,3129.501409,1102.763137,3451098.789886,24315.848105,3129.559398,52.223367,0,0,0,0,reflection,True,0.997928,1.009856,1.007764,0.998202,0.997946
component:J_PWR,net:NODE_B,940.774149,16.250447,16.250446,16.250447,component:R2,two-circle geometric degeneracy,18,3135.773482,1091.929396,3424043.24493,24341.540261,3135.773501,52.010416,0,0,0,0,reflection,True,0.999928,0.999935,0.999863,0.999257,0.999928
component:J_PWR,net:NODE_C,753.182581,16.914889,16.914888,16.914889,component:JP1,two-circle geometric degeneracy,19,3135.767691,1096.008122,3436826.856676,24368.910381,3135.767697,52.012935,0,0,0,0,reflection,True,0.999926,1.00367,1.003596,1.00038,0.999926
component:J_PWR,net:R1_EXT,2107.0,52.0,51.999999,52.0,component:C1,two-circle geometric degeneracy,20,3136.0,1076.697273,3376522.646862,24408.996226,3136.0,52.085176,0,0,0,0,reflection,True,1.0,0.985987,0.985987,1.002026,1.0
component:J_PWR,net:R1_W,2009.672859,54.518326,54.518325,54.518326,net:-9V,two-circle geometric degeneracy,20,3136.310196,1080.951865,3390200.354561,24367.435763,3136.333093,52.09444,0,0,0,0,reflection,True,1.000099,0.989883,0.989981,1.00032,1.000106
component:J_PWR,net:R4_EXT,833.44166,3.057203,3.057202,3.057203,net:R4_W,two-circle geometric degeneracy,16,3135.992834,1092.000632,3424506.155257,24356.95571,3135.992834,51.910052,0,0,0,0,reflection,True,0.999998,1.000001,0.999998,0.999889,0.999998
component:J_PWR,net:R4_W,781.537587,3.26024,3.260239,3.26024,net:R4_EXT,two-circle geometric degeneracy,16,3135.991848,1092.000768,3424505.507556,24359.587257,3135.991848,51.897696,0,0,0,0,reflection,True,0.999997,1.000001,0.999998,0.999997,0.999997
component:J_PWR,net:RA_SW,1324.412323,5.771616,5.771615,5.771616,component:JP1,two-circle geometric degeneracy,17,3135.972879,1092.01774,3424538.017081,24363.107582,3135.972879,52.001514,0,0,0,0,reflection,True,0.999991,1.000016,1.000008,1.000142,0.999991
component:J_PWR,net:RA_W,1283.829038,37.709071,37.70907,37.709071,component:J_RA,two-circle geometric degeneracy,20,3134.826304,1088.039184,3410813.85366,24316.101803,3134.826548,35.805392,0,0,0,0,reflection,True,0.999626,0.996373,0.996,0.998212,0.999626
component:J_R1,component:J_R4,1571.445195,6.48575,6.485749,6.48575,component:TPB,two-circle geometric degeneracy,17,3136.000477,1091.911005,3424233.434028,24363.866731,3136.000477,51.593944,0,0,0,0,reflection,True,1.0,0.999919,0.999919,1.000173,1.0
component:J_R1,component:J_RA,665.648556,22.967075,22.967074,22.967075,net:RA_SW,two-circle geometric degeneracy,19,3136.315948,1071.587988,3360838.49543,24328.927042,3136.316004,46.653119,0,0,0,0,reflection,True,1.000101,0.981308,0.981407,0.998739,1.000101
component:J_R1,component:R2,687.968023,25.925624,25.925623,25.925624,net:NODE_C,two-circle geometric degeneracy,19,3136.014335,1090.753075,3420617.277101,24403.946333,3136.01434,52.115799,0,0,0,0,reflection,True,1.000005,0.998858,0.998863,1.001818,1.000005
component:J_R1,component:R3,931.0,0.0,0.0,0.0,component:TPA,two-circle geometric degeneracy at h=0,0,3136.0,1092.0,3424512.0,24359.649504,3136.0,52.0,0,0,0,0,reflection,True,1.0,1.0,1.0,1.0,1.0
component:J_R1,component:RMIN1,1000.289958,0.0,0.0,0.0,net:R1_EXT,two-circle geometric degeneracy at h=0,0,3136.0,1092.0,3424512.0,24359.649504,3136.0,52.0,0,0,0,0,reflection,True,1.0,1.0,1.0,1.0,1.0
component:J_R1,component:RMIN4,1407.028074,28.974546,28.974545,28.974546,component:JP1,two-circle geometric degeneracy,19,3136.092707,1089.748971,3417553.800291,24360.972763,3136.092734,43.179575,0,0,0,0,reflection,True,1.00003,0.997939,0.997968,1.000054,1.00003
component:J_R1,component:TPA,637.0,0.0,0.0,0.0,component:R3,two-circle geometric degeneracy at h=0,0,3136.0,1092.0,3424512.0,24359.649504,3136.0,52.0,0,0,0,0,reflection,True,1.0,1.0,1.0,1.0,1.0
component:J_R1,component:TPB,883.53155,11.535525,11.535524,11.535525,component:J_R4,two-circle geometric degeneracy,18,3136.001209,1091.719856,3423634.78976,24366.406359,3136.001209,38.816965,0,0,0,0,reflection,True,1.0,0.999743,0.999744,1.000277,1.0
component:J_R1,component:TPC,1396.418275,51.090709,50.758656,50.758657,,embedding/cyclic-order violation,20,3136.204149,1085.562858,3404546.739511,24296.49233,3136.204334,11.294197,0,0,0,0,reflection,True,1.000065,0.994105,0.99417,0.997407,1.000065
component:J_R1,component:TPO,1568.862008,4.872321,4.87232,4.872321,component:J_OUT,two-circle geometric degeneracy,17,3136.000072,1091.950712,3424357.511817,24366.152073,3136.000072,51.771232,0,0,0,0,reflection,True,1.0,0.999955,0.999955,1.000267,1.0
component:J_R1,component:U1,1824.8926,19.547452,19.547451,19.547452,net:NODE_B,two-circle geometric degeneracy,19,3136.021893,1091.325806,3422421.618822,24313.639082,3136.021899,52.050781,0,0,0,0,reflection,True,1.000007,0.999383,0.99939,0.998111,1.000007
component:J_R1,net:+9V,1651.975787,33.932701,33.9327,33.932701,net:-9V,two-circle geometric degeneracy,20,3133.429322,1098.14707,3440966.228319,24304.121606,3133.43891,52.054688,0,0,0,0,reflection,True,0.99918,1.005629,1.004805,0.99772,0.999183
component:J_R1,net:-9V,1715.188911,32.682114,32.682113,32.682114,net:+9V,two-circle geometric degeneracy,19,3134.420931,1095.006535,3432211.404324,24313.384395,3134.42411,52.046805,0,0,0,0,reflection,True,0.999496,1.002753,1.002248,0.998101,0.999497
component:J_R1,net:EA,1777.708919,50.165693,50.165692,50.165693,component:C2,two-circle geometric degeneracy,20,3143.410791,1088.278916,3420907.689462,24333.625346,3143.528099,13.689534,0,0,0,0,reflection,True,1.002363,0.996592,0.998947,0.998932,1.002401
component:J_R1,net:EB,1887.958686,18.894481,18.89448,18.894481,net:NODE_B,two-circle geometric degeneracy,19,3136.058811,1091.408863,3422722.382689,24385.746344,3136.058831,52.035001,0,0,0,0,reflection,True,1.000019,0.999459,0.999477,1.001071,1.000019
component:J_R1,net:EOUT,1666.0,0.0,0.0,0.0,component:R3,two-circle geometric degeneracy at h=0,0,3136.0,1092.0,3424512.0,24359.649504,3136.0,52.0,0,0,0,0,reflection,True,1.0,1.0,1.0,1.0,1.0
component:J_R1,net:GND,2555.872454,9.969199,9.969198,9.969199,component:C2,two-circle geometric degeneracy,18,3135.984154,1091.910178,3424213.014768,24366.459509,3135.984154,41.358139,0,0,0,0,reflection,True,0.999995,0.999918,0.999913,1.00028,0.999995
component:J_R1,net:NODE_A,214.347848,463.601575,301.530768,301.530769,,"unrelated edge crossing, embedding/cyclic-order violation",23,3075.936914,1070.766917,3293611.487644,24076.800166,3076.457577,52.825664,0,0,0,0,reflection,True,0.980847,0.980556,0.961775,0.988389,0.981013
component:J_R1,net:NODE_B,742.321359,44.622184,44.622183,44.622184,component:R2,two-circle geometric degeneracy,20,3136.199848,1088.59478,3414050.784424,24223.044351,3136.200166,52.22675,0,0,0,0,reflection,True,1.000064,0.996882,0.996945,0.994392,1.000064
component:J_R1,net:NODE_C,1030.313059,17.311243,17.311242,17.311243,component:R2,two-circle geometric degeneracy,19,3136.002605,1091.425125,3422712.034828,24364.735398,3136.002606,52.047217,0,0,0,0,reflection,True,1.000001,0.999474,0.999474,1.000209,1.000001
component:J_R1,net:R1_EXT,857.391393,0.0,0.0,0.0,component:RMIN1,two-circle geometric degeneracy at h=0,0,3136.0,1092.0,3424512.0,24359.649504,3136.0,52.0,0,0,0,0,reflection,True,1.0,1.0,1.0,1.0,1.0
component:J_R1,net:R1_W,753.182581,40.595734,40.595733,40.595734,net:R1_EXT,two-circle geometric degeneracy,20,3118.289977,1109.127089,3458579.88612,24357.99422,3118.326883,52.006825,0,0,0,0,reflection,True,0.994353,1.015684,1.009948,0.999932,0.994364
component:J_R1,net:R4_EXT,1484.642718,51.487135,51.487134,51.487135,net:R4_W,two-circle geometric degeneracy,20,3136.123142,1085.881671,3405458.639141,24353.952781,3136.123263,7.285262,0,0,0,0,reflection,True,1.000039,0.994397,0.994436,0.999766,1.000039
component:J_R1,net:R4_W,1478.254376,41.367711,41.36771,41.367711,component:TPB,two-circle geometric degeneracy,20,3136.046782,1088.232434,3412747.823677,24363.667383,3136.046813,31.507341,0,0,0,0,reflection,True,1.000015,0.99655,0.996565,1.000165,1.000015
component:J_R1,net:RA_SW,733.665455,20.837835,20.837834,20.837835,component:J_RA,two-circle geometric degeneracy,19,3136.311401,1091.897972,3424532.060293,24379.059368,3136.311449,52.005199,0,0,0,0,reflection,True,1.000099,0.999907,1.000006,1.000797,1.000099
component:J_R1,net:RA_W,642.918346,47.558139,47.00495,47.004951,,embedding/cyclic-order violation,20,3136.884789,1076.324275,3376305.244895,24314.48771,3136.885427,22.238136,0,0,0,0,reflection,True,1.000282,0.985645,0.985923,0.998146,1.000282
component:J_R4,component:J_RA,1001.830325,20.346759,20.346758,20.346759,component:J_OUT,two-circle geometric degeneracy,19,3136.034624,1088.427144,3413345.210728,24374.374791,3136.034628,47.854043,0,0,0,0,reflection,True,1.000011,0.996728,0.996739,1.000604,1.000011
component:J_R4,component:R2,895.689678,8.534206,8.534205,8.534206,net:NODE_A,two-circle geometric degeneracy,18,3136.008346,1091.877379,3424136.573312,24337.497874,3136.008346,51.294906,0,0,0,0,reflection,True,1.000003,0.999888,0.99989,0.999091,1.000003
component:J_R4,component:R3,645.433963,11.843195,11.843194,11.843195,component:R2,two-circle geometric degeneracy,18,3136.012949,1091.757886,3423766.867641,24360.411235,3136.01295,50.633376,0,0,0,0,reflection,True,1.000004,0.999778,0.999782,1.000031,1.000004
component:J_R4,component:RMIN1,2402.652701,40.298791,40.29879,40.298791,net:NODE_C,two-circle geometric degeneracy,20,3135.740983,1090.653153,3420005.792056,24462.409751,3135.741062,32.863467,0,0,0,0,reflection,True,0.999917,0.998767,0.998684,1.004218,0.999917
component:J_R4,component:RMIN4,285.797131,0.0,0.0,0.0,net:EOUT,two-circle geometric degeneracy at h=0,0,3136.0,1092.0,3424512.0,24359.649504,3136.0,52.0,0,0,0,0,reflection,True,1.0,1.0,1.0,1.0,1.0
component:J_R4,component:TPA,936.790798,24.479318,24.479317,24.479318,component:TPB,two-circle geometric degeneracy,19,3136.021737,1090.853883,3420941.489237,24334.628689,3136.021743,45.877696,0,0,0,0,reflection,True,1.000007,0.99895,0.998957,0.998973,1.000007
component:J_R4,component:TPB,687.968023,14.814642,14.814641,14.814642,component:J_R1,two-circle geometric degeneracy,18,3136.003328,1091.545778,3423091.193255,24327.054942,3136.003329,49.845024,0,0,0,0,reflection,True,1.000001,0.999584,0.999585,0.998662,1.000001
component:J_R4,component:TPC,250.503493,20.34303,20.343029,20.34303,net:R4_W,two-circle geometric degeneracy,19,3137.217065,1092.351702,3426944.401059,24350.762014,3137.217438,32.382784,0,0,0,0,reflection,True,1.000388,1.000322,1.00071,0.999635,1.000388
component:J_R4,component:TPO,52.0,0.0,0.0,0.0,net:+9V,two-circle geometric degeneracy at h=0,0,3136.0,1092.0,3424512.0,24359.649504,3136.0,52.0,0,0,0,0,reflection,True,1.0,1.0,1.0,1.0,1.0
component:J_R4,component:U1,396.697618,12.846056,12.846055,12.846056,net:EOUT,two-circle geometric degeneracy,18,3135.610325,1092.372863,3425255.628151,24368.702203,3135.61034,50.388281,0,0,0,0,reflection,True,0.999876,1.000341,1.000217,1.000372,0.999876
component:J_R4,net:+9V,624.0,0.0,0.0,0.0,component:TPO,two-circle geometric degeneracy at h=0,0,3136.0,1092.0,3424512.0,24359.649504,3136.0,52.0,0,0,0,0,reflection,True,1.0,1.0,1.0,1.0,1.0
component:J_R4,net:-9V,677.773561,3.759368,3.759367,3.759368,component:TPO,two-circle geometric degeneracy,16,3135.988347,1092.001185,3424502.99051,24356.267807,3135.988347,51.863929,0,0,0,0,reflection,True,0.999996,1.000001,0.999997,0.999861,0.999996
component:J_R4,net:EA,590.586996,12.943055,12.943054,12.943055,component:C2,two-circle geometric degeneracy,18,3135.840689,1092.05713,3424517.181996,24347.397667,3135.840689,50.363453,0,0,0,0,reflection,True,0.999949,1.000052,1.000002,0.999497,0.999949
component:J_R4,net:EB,509.403573,20.007712,20.007711,20.007712,component:U1,two-circle geometric degeneracy,19,3135.247589,1092.67133,3425795.152981,24264.760804,3135.247634,47.996786,0,0,0,0,reflection,True,0.99976,1.000615,1.000375,0.996105,0.99976
component:J_R4,net:EOUT,142.898565,0.0,0.0,0.0,component:RMIN4,two-circle geometric degeneracy at h=0,0,3136.0,1092.0,3424512.0,24359.649504,3136.0,52.0,0,0,0,0,reflection,True,1.0,1.0,1.0,1.0,1.0
component:J_R4,net:GND,1212.496598,8.405797,8.405796,8.405797,net:EOUT,two-circle geometric degeneracy,18,3135.988734,1092.057151,3424678.921717,24356.364329,3135.988734,45.478725,0,0,0,0,reflection,True,0.999996,1.000052,1.000049,0.999865,0.999996
component:J_R4,net:NODE_A,1444.590253,5.291466,5.291465,5.291466,component:R2,two-circle geometric degeneracy,17,3136.003527,1091.953374,3424369.631469,24352.893203,3136.003527,51.730072,0,0,0,0,reflection,True,1.000001,0.999957,0.999958,0.999723,1.000001
component:J_R4,net:NODE_B,858.576147,20.773929,20.773928,20.773929,net:NODE_C,two-circle geometric degeneracy,19,3136.149272,1091.356551,3422657.053368,24310.979331,3136.149329,47.670157,0,0,0,0,reflection,True,1.000048,0.999411,0.999458,0.998002,1.000048
component:J_R4,net:NODE_C,561.121199,31.786359,31.786358,31.786359,net:NODE_B,two-circle geometric degeneracy,19,3136.686458,1090.580159,3420808.015253,24388.341906,3136.687354,41.153705,0,0,0,0,reflection,True,1.000219,0.9987,0.998918,1.001178,1.000219
component:J_R4,net:R1_EXT,2275.592231,17.915336,17.915335,17.915336,net:R1_W,two-circle geometric degeneracy,19,3136.730315,1091.57847,3423987.277536,24384.929596,3136.731061,48.816399,0,0,0,0,reflection,True,1.000233,0.999614,0.999847,1.001038,1.000233
component:J_R4,net:R1_W,2166.180971,18.820219,18.820218,18.820219,net:R1_EXT,two-circle geometric degeneracy,19,3136.590678,1091.529005,3423679.700861,24388.395722,3136.591193,48.474729,0,0,0,0,reflection,True,1.000188,0.999569,0.999757,1.00118,1.000189
component:J_R4,net:R4_EXT,142.898565,0.0,0.0,0.0,component:RMIN4,two-circle geometric degeneracy at h=0,0,3136.0,1092.0,3424512.0,24359.649504,3136.0,52.0,0,0,0,0,reflection,True,1.0,1.0,1.0,1.0,1.0
component:J_R4,net:R4_W,110.941426,22.967075,22.967074,22.967075,component:J_OUT,two-circle geometric degeneracy,19,3136.315948,1093.000552,3427995.06179,24323.271248,3136.316004,44.052471,0,0,0,0,reflection,True,1.000101,1.000916,1.001017,0.998507,1.000101
component:J_R4,net:RA_SW,966.623505,10.543919,10.543918,10.543919,component:J_OUT,two-circle geometric degeneracy,18,3136.015886,1091.961964,3424410.067081,24373.244173,3136.015886,50.919798,0,0,0,0,reflection,True,1.000005,0.999965,0.99997,1.000558,1.000005
component:J_R4,net:RA_W,992.338652,20.541375,20.541374,20.541375,component:JP1,two-circle geometric degeneracy,19,3136.020366,1089.919132,3418008.594484,24361.229378,3136.020368,47.770828,0,0,0,0,reflection,True,1.000006,0.998094,0.998101,1.000065,1.000006
component:J_RA,component:R2,376.961536,13.518621,13.51862,13.518621,net:RA_W,two-circle geometric degeneracy,18,3135.883437,1091.620109,3423193.419834,24365.494671,3135.883437,50.21202,0,0,0,0,reflection,True,0.999963,0.999652,0.999615,1.00024,0.999963
component:J_RA,component:R3,463.673376,5.495248,5.495247,5.495248,component:TPB,two-circle geometric degeneracy,17,3135.972744,1091.866517,3424063.635768,24354.172934,3135.972744,51.708822,0,0,0,0,reflection,True,0.999991,0.999878,0.999869,0.999775,0.999991
component:J_RA,component:RMIN1,1644.589918,3.098645,3.098644,3.098645,net:R1_W,two-circle geometric degeneracy,16,3135.998469,1091.588157,3423218.788527,24358.430269,3135.998469,51.907595,0,0,0,0,reflection,True,1.0,0.999623,0.999622,0.99995,1.0
component:J_RA,component:RMIN4,784.0,52.0,51.999999,52.0,component:TPC,two-circle geometric degeneracy,20,3136.0,1038.709385,3257392.630017,24296.48834,3136.0,0.010198,0,0,0,0,reflection,True,1.0,0.951199,0.951199,0.997407,1.0
component:J_RA,component:TPA,315.824318,8.067776,8.067775,8.067776,net:RA_W,two-circle geometric degeneracy,17,3135.958199,1091.91314,3424193.963811,24358.983632,3135.958199,51.370332,0,0,0,0,reflection,True,0.999987,0.99992,0.999907,0.999973,0.999987
component:J_RA,component:TPB,392.474203,6.492146,6.492145,6.492146,component:R3,two-circle geometric degeneracy,17,3135.960677,1091.813225,3423883.339197,24365.789716,3135.960677,51.59314,0,0,0,0,reflection,True,0.999987,0.999829,0.999816,1.000252,0.999987
component:J_RA,component:TPC,785.722597,45.400247,45.400246,45.400247,net:R4_EXT,two-circle geometric degeneracy,20,3136.013817,1067.279719,3347003.944709,24287.393587,3136.013824,25.353849,0,0,0,0,reflection,True,1.000004,0.977362,0.977367,0.997034,1.000004
component:J_RA,component:TPO,1013.903348,25.130601,25.1306,25.130601,net:EOUT,two-circle geometric degeneracy,19,3136.092723,1086.701151,3407995.573204,24316.487961,3136.092742,44.132336,0,0,0,0,reflection,True,1.00003,0.995148,0.995177,0.998228,1.00003
component:J_RA,component:U1,1330.798632,19.146398,19.146397,19.146398,component:JP1,two-circle geometric degeneracy,19,3136.263043,1089.312702,3416371.169051,24349.945965,3136.263104,48.346825,0,0,0,0,reflection,True,1.000084,0.997539,0.997623,0.999602,1.000084
component:J_RA,net:+9V,1285.544243,7.92816,7.928159,7.92816,component:TPB,two-circle geometric degeneracy,17,3135.938082,1091.721309,3423570.426497,24378.261312,3135.938083,51.392065,0,0,0,0,reflection,True,0.99998,0.999745,0.999725,1.000764,0.99998
component:J_RA,net:-9V,1356.575468,5.634777,5.634776,5.634777,component:TPB,two-circle geometric degeneracy,17,3135.969239,1091.85939,3424037.459766,24366.786822,3135.969239,51.693803,0,0,0,0,reflection,True,0.99999,0.999871,0.999861,1.000293,0.99999
component:J_RA,net:EA,1370.594397,26.026664,26.026663,26.026664,component:JP1,two-circle geometric degeneracy,19,3134.931604,1089.28145,3414822.843365,24330.208838,3134.931984,45.017917,0,0,0,0,reflection,True,0.999659,0.99751,0.997171,0.998791,0.999659
component:J_RA,net:EB,1418.609178,7.184502,7.184501,7.184502,component:JP1,two-circle geometric degeneracy,17,3136.091257,1091.643958,3423495.073055,24356.668283,3136.091263,51.501291,0,0,0,0,reflection,True,1.000029,0.999674,0.999703,0.999878,1.000029
component:J_RA,net:EOUT,1122.242398,22.704542,22.704541,22.704542,component:TPO,two-circle geometric degeneracy,19,3136.095997,1087.789674,3411412.843036,24340.957909,3136.096015,46.781447,0,0,0,0,reflection,True,1.000031,0.996144,0.996175,0.999233,1.000031
component:J_RA,net:GND,2132.755026,4.778795,4.778794,4.778795,component:JP1,two-circle geometric degeneracy,17,3135.996359,1091.855962,3424056.322108,24360.482214,3135.996359,50.155314,0,0,0,0,reflection,True,0.999999,0.999868,0.999867,1.000034,0.999999
component:J_RA,net:NODE_A,643.043544,0.0,0.0,0.0,net:RA_SW,two-circle geometric degeneracy at h=0,0,3136.0,1092.0,3424512.0,24359.649504,3136.0,52.0,0,0,0,0,reflection,True,1.0,1.0,1.0,1.0,1.0
component:J_RA,net:NODE_B,441.208567,17.32514,17.325139,17.32514,net:RA_W,two-circle geometric degeneracy,19,3135.808143,1091.233145,3421897.782184,24359.982868,3135.808144,49.028967,0,0,0,0,reflection,True,0.999939,0.999298,0.999237,1.000014,0.999939
component:J_RA,net:NODE_C,571.819027,13.367866,13.367865,13.367866,component:TPB,two-circle geometric degeneracy,18,3135.816272,1091.2047,3421817.455856,24369.968309,3135.81628,50.252365,0,0,0,0,reflection,True,0.999941,0.999272,0.999213,1.000424,0.999941
component:J_RA,net:R1_EXT,1503.020958,10.171515,10.171514,10.171515,net:RA_SW,two-circle geometric degeneracy,18,3137.680936,1084.024578,3401323.25222,24348.607864,3137.681647,50.995493,0,0,0,0,reflection,True,1.000536,0.992696,0.993229,0.999547,1.000536
component:J_RA,net:R1_W,1394.109034,3.655381,3.65538,3.655381,component:RMIN1,two-circle geometric degeneracy,16,3133.681715,1094.234514,3428982.688504,24356.87676,3133.68299,51.871362,0,0,0,0,reflection,True,0.999261,1.002046,1.001305,0.999886,0.999261
component:J_RA,net:R4_EXT,888.110354,40.16618,40.166179,40.16618,component:TPC,two-circle geometric degeneracy,20,3136.036065,1075.032361,3371340.255074,24287.910931,3136.03608,33.025416,0,0,0,0,reflection,True,1.000012,0.984462,0.984473,0.997055,1.000012
component:J_RA,net:R4_W,895.689678,34.136823,34.136822,34.136823,component:J_R4,two-circle geometric degeneracy,20,3136.063638,1080.989028,3390050.383519,24336.962935,3136.063659,39.225978,0,0,0,0,reflection,True,1.00002,0.989917,0.989937,0.999069,1.00002
component:J_RA,net:RA_SW,71.449283,0.0,0.0,0.0,net:NODE_A,two-circle geometric degeneracy at h=0,0,3136.0,1092.0,3424512.0,24359.649504,3136.0,52.0,0,0,0,0,reflection,True,1.0,1.0,1.0,1.0,1.0
component:J_RA,net:RA_W,52.0,49.0,48.999999,49.0,component:TPA,two-circle geometric degeneracy,20,3134.412495,1092.0,3422778.444675,24324.97209,3134.412495,52.0,0,0,0,0,reflection,True,0.999494,1.0,0.999494,0.998576,0.999494
component:R2,component:R3,250.457581,10.173379,10.173378,10.173379,net:NODE_A,two-circle geometric degeneracy,18,3136.018092,1091.829353,3423996.603427,24366.854352,3136.018093,52.006181,0,0,0,0,reflection,True,1.000006,0.999844,0.999849,1.000296,1.000006
component:R2,component:RMIN1,1529.496649,6.66363,6.663629,6.66363,component:TPB,two-circle geometric degeneracy,17,3135.99292,1091.949554,3424346.069816,24356.565982,3135.99292,50.263149,0,0,0,0,reflection,True,0.999998,0.999954,0.999952,0.999873,0.999998
component:R2,component:RMIN4,776.589982,0.0,0.0,0.0,component:TPB,two-circle geometric degeneracy at h=0,0,3136.0,1092.0,3424512.0,24359.649504,3136.0,52.0,0,0,0,0,reflection,True,1.0,1.0,1.0,1.0,1.0
component:R2,component:TPA,71.449283,0.0,0.0,0.0,net:NODE_B,two-circle geometric degeneracy at h=0,0,3136.0,1092.0,3424512.0,24359.649504,3136.0,52.0,0,0,0,0,reflection,True,1.0,1.0,1.0,1.0,1.0
component:R2,component:TPB,221.882852,0.0,0.0,0.0,component:RMIN4,two-circle geometric degeneracy at h=0,0,3136.0,1092.0,3424512.0,24359.649504,3136.0,52.0,0,0,0,0,reflection,True,1.0,1.0,1.0,1.0,1.0
component:R2,component:TPC,753.61794,6.762047,6.762046,6.762047,net:R1_EXT,two-circle geometric degeneracy,17,3136.193962,1091.932367,3424511.694988,24359.213559,3136.193991,51.558459,0,0,0,0,reflection,True,1.000062,0.999938,1.0,0.999982,1.000062
component:R2,component:TPO,888.110354,17.214077,17.214076,17.214077,component:J_OUT,two-circle geometric degeneracy,19,3136.014219,1091.480951,3422899.782015,24352.141604,3136.014222,49.068071,0,0,0,0,reflection,True,1.000005,0.999525,0.999529,0.999692,1.000005
component:R2,component:U1,1137.745578,42.550814,42.550813,42.550814,component:J_R1,two-circle geometric degeneracy,20,3136.146105,1088.735521,3414433.663971,24414.308847,3136.146282,52.253944,0,0,0,0,reflection,True,1.000047,0.997011,0.997057,1.002244,1.000047
component:R2,net:+9V,998.472834,22.967075,22.967074,22.967075,component:TPA,two-circle geometric degeneracy,19,3135.360711,1092.339928,3424879.693767,24260.083293,3135.360943,52.027899,0,0,0,0,reflection,True,0.999796,1.000311,1.000107,0.995913,0.999796
component:R2,net:-9V,1066.377513,21.504579,21.504578,21.504579,component:TPA,two-circle geometric degeneracy,19,3135.49219,1092.153282,3424438.085628,24272.671932,3135.492322,52.023171,0,0,0,0,reflection,True,0.999838,1.00014,0.999978,0.996429,0.999838
component:R2,net:EA,1109.908555,29.8439,29.843899,29.8439,component:TPA,two-circle geometric degeneracy,19,3129.386061,1106.872149,3463830.273467,24262.529388,3129.428824,42.58335,0,0,0,0,reflection,True,0.997891,1.013619,1.011481,0.996013,0.997905
component:R2,net:EB,1204.398605,40.195995,40.195994,40.195995,component:TPA,two-circle geometric degeneracy,20,3136.445315,1089.175663,3416139.904297,24244.660721,3136.445962,52.176655,0,0,0,0,reflection,True,1.000142,0.997414,0.997555,0.99528,1.000142
component:R2,net:EOUT,981.378622,18.174433,18.174432,18.174433,net:NODE_C,two-circle geometric degeneracy,19,3136.003143,1091.390644,3422604.488401,24292.436457,3136.003143,52.034955,0,0,0,0,reflection,True,1.000001,0.999442,0.999443,0.997241,1.000001
component:R2,net:GND,1889.092904,20.231932,20.231931,20.231932,net:EA,two-circle geometric degeneracy,19,3135.934731,1091.484374,3422823.75824,24298.455808,3135.934736,52.029561,0,0,0,0,reflection,True,0.999979,0.999528,0.999507,0.997488,0.999979
component:R2,net:NODE_A,548.941709,4.641659,4.641658,4.641659,component:R3,two-circle geometric degeneracy,17,3136.003009,1091.96408,3424402.641079,24354.020088,3136.003009,52.001368,0,0,0,0,reflection,True,1.000001,0.999967,0.999968,0.999769,1.000001
component:R2,net:NODE_B,71.449283,0.0,0.0,0.0,component:TPA,two-circle geometric degeneracy at h=0,0,3136.0,1092.0,3424512.0,24359.649504,3136.0,52.0,0,0,0,0,reflection,True,1.0,1.0,1.0,1.0,1.0
component:R2,net:NODE_C,343.0,52.0,51.999999,52.0,component:J_R1,two-circle geometric degeneracy,20,3136.0,1086.734237,3407998.568372,24157.179932,3136.0,49.000001,0,0,0,0,reflection,True,1.0,0.995178,0.995178,0.991688,1.0
component:R2,net:R1_EXT,1396.517096,3.649078,3.649077,3.649078,component:TPC,two-circle geometric degeneracy,16,3136.04784,1091.980264,3424502.347358,24358.574686,3136.047842,52.000424,0,0,0,0,reflection,True,1.000015,0.999982,0.999997,0.999956,1.000015
component:R2,net:R1_W,1285.836693,7.926356,7.926355,7.926356,component:TPC,two-circle geometric degeneracy,17,3136.19159,1091.906642,3424428.429307,24355.722997,3136.19162,52.002032,0,0,0,0,reflection,True,1.000061,0.999915,0.999976,0.999839,1.000061
component:R2,net:R4_EXT,825.987893,27.763119,27.763118,27.763119,component:R3,two-circle geometric degeneracy,19,3136.47951,1090.801706,3421277.200901,24366.1444,3136.479843,38.837372,0,0,0,0,reflection,True,1.000153,0.998903,0.999055,1.000267,1.000153
component:R2,net:R4_W,811.122679,12.5653,12.565299,12.5653,component:R3,two-circle geometric degeneracy,18,3136.048849,1091.746932,3423771.709613,24367.313628,3136.048855,50.459026,0,0,0,0,reflection,True,1.000016,0.999768,0.999784,1.000315,1.000016
component:R2,net:RA_SW,418.875877,42.580633,42.580632,42.580633,component:TPA,two-circle geometric degeneracy,20,3134.837051,1092.063406,3423440.826831,24493.450899,3134.837054,52.000554,0,0,0,0,reflection,True,0.999629,1.000058,0.999687,1.005493,0.999629
component:R2,net:RA_W,327.029051,15.582713,15.582712,15.582713,component:J_RA,two-circle geometric degeneracy,18,3135.845119,1091.552849,3422940.673177,24369.492106,3135.845119,49.610272,0,0,0,0,reflection,True,0.999951,0.999591,0.999541,1.000404,0.999951
component:R3,component:RMIN1,1773.322588,14.368508,14.368507,14.368508,net:NODE_B,two-circle geometric degeneracy,18,3135.967082,1091.791981,3423823.713328,24344.174068,3135.967083,52.007492,0,0,0,0,reflection,True,0.99999,0.99981,0.999799,0.999365,0.99999
component:R3,component:RMIN4,540.208293,28.300195,28.300194,28.300195,net:NODE_B,two-circle geometric degeneracy,19,3135.160598,1092.263566,3424421.695109,24362.625028,3135.160823,43.624523,0,0,0,0,reflection,True,0.999732,1.000241,0.999974,1.000122,0.999732
component:R3,component:TPA,294.0,0.0,0.0,0.0,component:J_R1,two-circle geometric degeneracy at h=0,0,3136.0,1092.0,3424512.0,24359.649504,3136.0,52.0,0,0,0,0,reflection,True,1.0,1.0,1.0,1.0,1.0
component:R3,component:TPB,71.449283,0.0,0.0,0.0,component:J_PWR,two-circle geometric degeneracy at h=0,0,3136.0,1092.0,3424512.0,24359.649504,3136.0,52.0,0,0,0,0,reflection,True,1.0,1.0,1.0,1.0,1.0
component:R3,component:TPC,511.938473,9.954321,9.95432,9.954321,net:NODE_B,two-circle geometric degeneracy,18,3135.852294,1092.127801,3424751.470416,24362.82235,3135.852304,51.038334,0,0,0,0,reflection,True,0.999953,1.000117,1.00007,1.00013,0.999953
component:R3,component:TPO,639.118925,11.960215,11.960214,11.960215,component:J_OUT,two-circle geometric degeneracy,18,3136.002944,1091.731666,3423673.717423,24368.585646,3136.002944,50.605862,0,0,0,0,reflection,True,1.000001,0.999754,0.999755,1.000367,1.000001
component:R3,component:U1,906.19424,28.117592,28.117591,28.117592,net:NODE_C,two-circle geometric degeneracy,19,3136.168441,1090.298847,3419360.834532,24277.148187,3136.168522,52.136325,0,0,0,0,reflection,True,1.000054,0.998442,0.998496,0.996613,1.000054
component:R3,net:+9V,822.294959,9.295934,9.295933,9.295934,component:TPB,two-circle geometric degeneracy,18,3135.913879,1091.735136,3423587.364996,24340.275554,3135.913881,48.298057,0,0,0,0,reflection,True,0.999973,0.999757,0.99973,0.999205,0.999973
component:R3,net:-9V,893.185311,8.558134,8.558133,8.558134,component:TPB,two-circle geometric degeneracy,18,3135.928591,1091.759216,3423678.938364,24344.365085,3135.928592,49.102275,0,0,0,0,reflection,True,0.999977,0.99978,0.999757,0.999373,0.999977
component:R3,net:EA,913.060787,5.581228,5.581227,5.581228,net:NODE_C,two-circle geometric degeneracy,17,3135.942479,1092.004511,3424463.333509,24372.355608,3135.94248,51.699612,0,0,0,0,reflection,True,0.999982,1.000004,0.999986,1.000522,0.999982
component:R3,net:EB,981.888487,18.164996,18.164995,18.164996,net:NODE_C,two-circle geometric degeneracy,19,3136.20947,1091.247794,3422381.664894,24298.902314,3136.209532,52.045826,0,0,0,0,reflection,True,1.000067,0.999311,0.999378,0.997506,1.000067
component:R3,net:EOUT,735.0,0.0,0.0,0.0,component:J_R1,two-circle geometric degeneracy at h=0,0,3136.0,1092.0,3424512.0,24359.649504,3136.0,52.0,0,0,0,0,reflection,True,1.0,1.0,1.0,1.0,1.0
component:R3,net:GND,1684.442044,4.538001,4.538,4.538001,net:NODE_C,two-circle geometric degeneracy,17,3135.996717,1091.953841,3424363.658521,24345.801163,3135.996717,52.002171,0,0,0,0,reflection,True,0.999999,0.999958,0.999957,0.999432,0.999999
component:R3,net:NODE_A,799.369752,3.187511,3.18751,3.187511,component:R2,two-circle geometric degeneracy,16,3136.001507,1091.983045,3424460.474626,24361.749864,3136.001507,52.000626,0,0,0,0,reflection,True,1.0,0.999984,0.999985,1.000086,1.0
component:R3,net:NODE_B,221.882852,22.967075,22.967074,22.967075,component:C1,two-circle geometric degeneracy,19,3134.821276,1093.541982,3428058.671839,24320.902992,3134.822063,52.016586,0,0,0,0,reflection,True,0.999624,1.001412,1.001036,0.998409,0.999624
component:R3,net:NODE_C,110.941426,22.967075,22.967074,22.967075,component:TPB,two-circle geometric degeneracy,19,3134.064769,1094.207872,3429318.341157,24310.137298,3134.066891,52.05095,0,0,0,0,reflection,True,0.999383,1.002022,1.001404,0.997967,0.999384
component:R3,net:R1_EXT,1642.174473,10.861209,10.861208,10.861209,net:R1_W,two-circle geometric degeneracy,18,3136.365485,1091.834684,3424392.618159,24359.018562,3136.365611,52.004611,0,0,0,0,reflection,True,1.000117,0.999849,0.999965,0.999974,1.000117
component:R3,net:R1_W,1531.804491,8.316988,8.316987,8.316988,net:R4_EXT,two-circle geometric degeneracy,17,3136.170784,1091.902468,3424392.619729,24356.530271,3136.170813,52.002747,0,0,0,0,reflection,True,1.000054,0.999911,0.999965,0.999872,1.000054
component:R3,net:R4_EXT,577.741292,22.051393,22.051392,22.051393,net:R1_W,two-circle geometric degeneracy,19,3136.84272,1091.305441,3423253.528438,24326.376679,3136.843481,47.092846,0,0,0,0,reflection,True,1.000269,0.999364,0.999633,0.998634,1.000269
component:R3,net:R4_W,561.121199,18.163634,18.163633,18.163634,component:R2,two-circle geometric degeneracy,19,3136.14298,1091.491235,3423072.573522,24333.858054,3136.143019,48.724557,0,0,0,0,reflection,True,1.000046,0.999534,0.99958,0.998941,1.000046
component:R3,net:RA_SW,467.901699,5.445588,5.445587,5.445588,component:TPB,two-circle geometric degeneracy,17,3135.977349,1092.012864,3424527.605317,24366.09346,3135.977349,52.001028,0,0,0,0,reflection,True,0.999993,1.000012,1.000005,1.000265,0.999993
component:R3,net:RA_W,430.405623,11.839994,11.839993,11.839994,component:TPB,two-circle geometric degeneracy,18,3135.847287,1091.667595,3423302.867018,24353.954182,3135.847293,50.634125,0,0,0,0,reflection,True,0.999951,0.999696,0.999647,0.999766,0.999951
component:RMIN1,component:RMIN4,2305.854289,11.050134,11.050133,11.050134,component:TPB,two-circle geometric degeneracy,18,3135.980531,1091.855783,3424038.477194,24367.646677,3135.980532,50.812346,0,0,0,0,reflection,True,0.999994,0.999868,0.999862,1.000328,0.999994
component:RMIN1,component:TPA,1510.070528,42.18346,42.183459,42.18346,net:R1_W,two-circle geometric degeneracy,20,3135.716232,1089.544922,3416503.698234,24408.091379,3135.716275,52.039227,0,0,0,0,reflection,True,0.99991,0.997752,0.997661,1.001989,0.99991
component:RMIN1,component:TPB,1751.292094,5.819703,5.819702,5.819703,component:R2,two-circle geometric degeneracy,17,3135.9946,1091.960967,3424383.696065,24362.38321,3135.9946,50.440821,0,0,0,0,reflection,True,0.999998,0.999964,0.999963,1.000112,0.999998
component:RMIN1,component:TPC,2282.872752,15.625926,15.625925,15.625926,component:R2,two-circle geometric degeneracy,18,3135.961069,1091.732676,3423631.170316,24344.727798,3135.96107,49.596678,0,0,0,0,reflection,True,0.999988,0.999755,0.999743,0.999387,0.999988
component:RMIN1,component:TPO,2385.144859,47.004273,47.004272,47.004273,component:C1,two-circle geometric degeneracy,20,3135.647551,1090.25536,3418656.550279,24474.158417,3135.647716,22.239569,0,0,0,0,reflection,True,0.999888,0.998402,0.99829,1.004701,0.999888
component:RMIN1,component:U1,2552.528354,8.984033,8.984032,8.984033,component:C1,two-circle geometric degeneracy,18,3135.987131,1091.950585,3424342.98116,24362.508787,3135.987131,52.003747,0,0,0,0,reflection,True,0.999996,0.999955,0.999951,1.000117,0.999996
component:RMIN1,net:+9V,2263.576816,13.507825,13.507824,13.507825,component:C2,two-circle geometric degeneracy,18,3135.970893,1091.905935,3424185.228805,24368.700266,3135.970908,36.131731,0,0,0,0,reflection,True,0.999991,0.999914,0.999905,1.000372,0.999991
component:RMIN1,net:-9V,2308.277496,32.011749,32.011748,32.011749,component:C1,two-circle geometric degeneracy,19,3135.835672,1091.488711,3422729.23595,24331.398402,3135.836611,52.03101,0,0,0,0,reflection,True,0.999948,0.999532,0.999479,0.99884,0.999948
component:RMIN1,net:EA,2415.036439,20.046074,20.046073,20.046074,component:C1,two-circle geometric degeneracy,19,3135.935874,1091.788197,3423777.772294,24350.735188,3135.93593,47.980777,0,0,0,0,reflection,True,0.99998,0.999806,0.999786,0.999634,0.99998
component:RMIN1,net:EB,2581.73585,3.947732,3.947731,3.947732,component:C1,two-circle geometric degeneracy,16,3135.997515,1091.991105,3424481.390769,24358.475716,3135.997515,52.000624,0,0,0,0,reflection,True,0.999999,0.999992,0.999991,0.999952,0.999999
component:RMIN1,net:EOUT,2462.090169,35.186364,35.186363,35.186364,component:J_OUT,two-circle geometric degeneracy,20,3135.802531,1091.09232,3421450.059133,24333.960243,3135.802596,52.08421,0,0,0,0,reflection,True,0.999937,0.999169,0.999106,0.998945,0.999937
component:RMIN1,net:GND,3136.0,52.0,51.999999,52.0,component:C1,two-circle geometric degeneracy,20,3136.0,1090.761202,3420627.129926,24387.247464,3136.0,52.068557,0,0,0,0,reflection,True,1.0,0.998866,0.998866,1.001133,1.0
component:RMIN1,net:NODE_A,1010.481568,17.65099,17.650989,17.65099,net:R1_W,two-circle geometric degeneracy,19,3135.950324,1091.148298,3421786.858152,24364.264294,3135.950325,52.00405,0,0,0,0,reflection,True,0.999984,0.99922,0.999204,1.000189,0.999984
component:RMIN1,net:NODE_B,1551.971971,9.850693,9.850692,9.850693,net:R4_EXT,two-circle geometric degeneracy,18,3135.984528,1091.905049,3424197.338889,24355.390197,3135.984529,52.003753,0,0,0,0,reflection,True,0.999995,0.999913,0.999908,0.999825,0.999995
component:RMIN1,net:NODE_C,1843.421005,31.790893,31.790892,31.790893,net:R4_W,two-circle geometric degeneracy,19,3135.838831,1091.113459,3421555.952653,24339.447752,3135.838857,52.051939,0,0,0,0,reflection,True,0.999949,0.999188,0.999137,0.999171,0.999949
component:RMIN1,net:R1_EXT,142.898565,0.0,0.0,0.0,component:J_R1,two-circle geometric degeneracy at h=0,0,3136.0,1092.0,3424512.0,24359.649504,3136.0,52.0,0,0,0,0,reflection,True,1.0,1.0,1.0,1.0,1.0
component:RMIN1,net:R1_W,250.503493,20.34303,20.264861,20.264862,,embedding/cyclic-order violation,19,3135.934522,1085.974809,3405545.894003,24334.727953,3135.934523,32.57824,0,0,0,0,reflection,True,0.999979,0.994482,0.994462,0.998977,0.999979
component:RMIN1,net:R4_EXT,2350.411028,6.504394,6.504393,6.504394,net:NODE_B,two-circle geometric degeneracy,17,3135.993255,1091.959132,3424376.473443,24364.453817,3135.993255,51.591597,0,0,0,0,reflection,True,0.999998,0.999963,0.99996,1.000197,0.999998
component:RMIN1,net:R4_W,2330.191408,25.149865,25.149864,25.149865,net:NODE_C,two-circle geometric degeneracy,19,3135.899141,1091.424158,3422596.07889,24317.254029,3135.899151,45.513562,0,0,0,0,reflection,True,0.999968,0.999473,0.999441,0.99826,0.999968
component:RMIN1,net:RA_SW,1715.457082,4.455955,4.455954,4.455955,net:R1_W,two-circle geometric degeneracy,17,3135.996834,1092.0,3424508.543006,24359.698279,3135.996834,52.000169,0,0,0,0,reflection,True,0.999999,1.0,0.999999,1.000002,0.999999
component:RMIN1,net:RA_W,1612.209664,3.160879,3.160878,3.160879,net:R1_W,two-circle geometric degeneracy,16,3135.998407,1091.92424,3424272.676694,24360.10918,3135.998407,51.903842,0,0,0,0,reflection,True,0.999999,0.999931,0.99993,1.000019,0.999999
component:RMIN4,component:TPA,798.479179,47.865994,47.073959,47.07396,,embedding/cyclic-order violation,20,3138.582424,1088.20088,3415408.154851,24413.436088,3138.58832,22.091682,0,0,0,0,reflection,True,1.000823,0.996521,0.997342,1.002208,1.000825
component:RMIN4,component:TPB,554.70713,0.0,0.0,0.0,component:R2,two-circle geometric degeneracy at h=0,0,3136.0,1092.0,3424512.0,24359.649504,3136.0,52.0,0,0,0,0,reflection,True,1.0,1.0,1.0,1.0,1.0
component:RMIN4,component:TPC,52.0,98.0,97.999999,98.0,net:R4_EXT,two-circle geometric degeneracy,21,3129.201555,1092.0,3417088.098347,24470.654264,3129.201555,52.0,0,0,0,0,reflection,True,0.997832,1.0,0.997832,1.004557,0.997832
component:RMIN4,component:TPO,325.600983,15.651058,15.651057,15.651058,net:R4_W,two-circle geometric degeneracy,18,3135.539849,1092.447117,3425411.468139,24323.810731,3135.539868,41.523218,0,0,0,0,reflection,True,0.999853,1.000409,1.000263,0.998529,0.999853
component:RMIN4,component:U1,681.821824,7.474093,7.474092,7.474093,net:R4_EXT,two-circle geometric degeneracy,17,3135.847905,1092.155218,3424832.652484,24358.817664,3135.847908,46.919455,0,0,0,0,reflection,True,0.999952,1.000142,1.000094,0.999966,0.999952
component:RMIN4,net:+9V,854.774824,11.923608,11.923607,11.923608,component:TPC,two-circle geometric degeneracy,18,3135.883791,1092.043277,3424520.809713,24368.492505,3135.883791,50.6145,0,0,0,0,reflection,True,0.999963,1.00004,1.000003,1.000363,0.999963
component:RMIN4,net:-9V,917.322735,13.888242,13.888241,13.888242,component:TPC,two-circle geometric degeneracy,18,3135.83677,1092.070943,3424556.219937,24371.956633,3135.836771,50.111044,0,0,0,0,reflection,True,0.999948,1.000065,1.000013,1.000505,0.999948
component:RMIN4,net:EA,852.08509,20.932182,20.932181,20.932182,component:TPC,two-circle geometric degeneracy,19,3135.559809,1092.290586,3424942.461229,24380.231167,3135.559815,47.60088,0,0,0,0,reflection,True,0.99986,1.000266,1.000126,1.000845,0.99986
component:RMIN4,net:EB,793.395236,6.423028,6.423027,6.423028,component:TPO,two-circle geometric degeneracy,17,3135.913873,1092.085332,3424685.54432,24352.051732,3135.913873,47.870925,0,0,0,0,reflection,True,0.999973,1.000078,1.000051,0.999688,0.999973
component:RMIN4,net:EOUT,428.695696,0.0,0.0,0.0,component:J_R4,two-circle geometric degeneracy at h=0,0,3136.0,1092.0,3424512.0,24359.649504,3136.0,52.0,0,0,0,0,reflection,True,1.0,1.0,1.0,1.0,1.0
component:RMIN4,net:GND,1497.893187,6.804223,6.804222,6.804223,net:R4_EXT,two-circle geometric degeneracy,17,3135.992618,1092.035231,3424614.423183,24361.015789,3135.992618,51.55291,0,0,0,0,reflection,True,0.999998,1.000032,1.00003,1.000056,0.999998
component:RMIN4,net:NODE_A,1311.353881,29.145451,29.14545,29.145451,component:TPA,two-circle geometric degeneracy,19,3136.530095,1090.428377,3420161.420572,24359.775815,3136.530402,43.064402,0,0,0,0,reflection,True,1.000169,0.998561,0.99873,1.000005,1.000169
component:RMIN4,net:NODE_B,760.805494,20.094492,20.094491,20.094492,component:R3,two-circle geometric degeneracy,19,3135.490002,1092.28547,3424850.170996,24369.832402,3135.490099,47.739539,0,0,0,0,reflection,True,0.999837,1.000261,1.000099,1.000418,0.999837
component:RMIN4,net:NODE_C,500.144979,35.66166,35.661659,35.66166,component:TPC,two-circle geometric degeneracy,20,3135.100806,1091.791101,3422875.16017,24349.080401,3135.10092,37.845027,0,0,0,0,reflection,True,0.999713,0.999809,0.999522,0.999566,0.999713
component:RMIN4,net:R1_EXT,2172.025783,4.692394,4.692393,4.692394,net:R1_W,two-circle geometric degeneracy,17,3136.088723,1091.9656,3424501.003596,24362.027253,3136.088729,51.78785,0,0,0,0,reflection,True,1.000028,0.999968,0.999997,1.000098,1.000028
component:RMIN4,net:R1_W,2061.188977,4.944719,4.944718,4.944719,net:R1_EXT,two-circle geometric degeneracy,17,3136.088638,1091.96163,3424488.461095,24360.224602,3136.088644,51.764368,0,0,0,0,reflection,True,1.000028,0.999965,0.999993,1.000024,1.000028
component:RMIN4,net:R4_EXT,142.898565,0.0,0.0,0.0,component:J_R4,two-circle geometric degeneracy at h=0,0,3136.0,1092.0,3424512.0,24359.649504,3136.0,52.0,0,0,0,0,reflection,True,1.0,1.0,1.0,1.0,1.0
component:RMIN4,net:R4_W,184.228119,13.830679,13.830678,13.830679,component:J_EA,two-circle geometric degeneracy,18,3135.73942,1092.227098,3424939.566357,24381.348869,3135.739424,44.032367,0,0,0,0,reflection,True,0.999917,1.000208,1.000125,1.000891,0.999917
component:RMIN4,net:RA_SW,736.83716,51.870348,51.791628,51.791629,,unrelated edge crossing,20,3136.018458,1090.868227,3420982.895099,24430.666281,3136.018469,4.65051,0,0,0,0,reflection,True,1.000006,0.998964,0.998969,1.002915,1.000006
component:RMIN4,net:RA_W,785.722597,51.885997,51.789589,51.78959,,embedding/cyclic-order violation,20,3136.018461,1076.457471,3375790.501552,24338.883322,3136.018473,4.673162,0,0,0,0,reflection,True,1.000006,0.985767,0.985773,0.999148,1.000006
component:TPA,component:TPB,250.457581,20.346759,20.346758,20.346759,net:R4_W,two-circle geometric degeneracy,19,3136.058811,1091.244837,3422207.987495,24361.089475,3136.058823,25.186054,0,0,0,0,reflection,True,1.000019,0.999308,0.999327,1.000059,1.000019
component:TPA,component:TPC,779.631323,16.341057,16.341056,16.341057,net:NODE_A,two-circle geometric degeneracy,18,3136.147363,1091.535485,3423216.131643,24371.064335,3136.147391,49.365675,0,0,0,0,reflection,True,1.000047,0.999575,0.999622,1.000469,1.000047
component:TPA,component:TPO,932.451071,8.197749,8.197748,8.197749,component:J_OUT,two-circle geometric degeneracy,17,3136.000606,1091.867156,3424096.061721,24368.75176,3136.000606,51.349751,0,0,0,0,reflection,True,1.0,0.999878,0.999879,1.000374,1.0
component:TPA,component:U1,1194.252905,17.068411,17.06841,17.068411,net:NODE_C,two-circle geometric degeneracy,19,3136.036495,1091.448162,3422821.268211,24397.963201,3136.036502,52.044,0,0,0,0,reflection,True,1.000012,0.999495,0.999506,1.001573,1.000012
component:TPA,net:+9V,1066.377513,21.504579,21.504578,21.504579,component:R2,two-circle geometric degeneracy,19,3135.457368,1092.177929,3424477.334416,24338.919248,3135.457518,52.024843,0,0,0,0,reflection,True,0.999827,1.000163,0.99999,0.999149,0.999827
component:TPA,net:-9V,1134.717586,20.209434,20.209433,20.209434,net:+9V,two-circle geometric degeneracy,19,3135.55912,1092.057625,3424211.244354,24346.788595,3135.559211,52.020817,0,0,0,0,reflection,True,0.999859,1.000053,0.999912,0.999472,0.999859
component:TPA,net:EA,1175.205514,28.185708,28.185707,28.185708,component:R2,two-circle geometric degeneracy,19,3132.719709,1098.157637,3440220.072986,24359.589446,3132.728822,43.69858,0,0,0,0,reflection,True,0.998954,1.005639,1.004587,0.999998,0.998957
component:TPA,net:EB,1264.107986,38.297361,38.29736,38.297361,component:R2,two-circle geometric degeneracy,20,3136.530003,1089.290498,3416592.327526,24368.423487,3136.530693,52.171742,0,0,0,0,reflection,True,1.000169,0.997519,0.997687,1.00036,1.000169
component:TPA,net:EOUT,1029.0,0.0,0.0,0.0,component:J_R1,two-circle geometric degeneracy at h=0,0,3136.0,1092.0,3424512.0,24359.649504,3136.0,52.0,0,0,0,0,reflection,True,1.0,1.0,1.0,1.0,1.0
component:TPA,net:GND,1953.702383,29.99638,29.996379,29.99638,component:R2,two-circle geometric degeneracy,19,3135.856516,1090.761588,3420471.834124,24327.117004,3135.856536,52.069581,0,0,0,0,reflection,True,0.999954,0.998866,0.99882,0.998664,0.999954
component:TPA,net:NODE_A,514.23341,24.774742,24.774741,24.774742,component:TPB,two-circle geometric degeneracy,19,3136.244173,1090.920652,3421393.537129,24354.482375,3136.244267,52.022807,0,0,0,0,reflection,True,1.000078,0.999012,0.999089,0.999788,1.000078
component:TPA,net:NODE_B,142.898565,0.0,0.0,0.0,component:R2,two-circle geometric degeneracy at h=0,0,3136.0,1092.0,3424512.0,24359.649504,3136.0,52.0,0,0,0,0,reflection,True,1.0,1.0,1.0,1.0,1.0
component:TPA,net:NODE_C,395.433939,38.661325,38.661324,38.661325,component:R3,two-circle geometric degeneracy,20,3136.093909,1089.11336,3415561.775455,24380.591912,3136.093989,52.26757,0,0,0,0,reflection,True,1.00003,0.997357,0.997386,1.00086,1.00003
component:TPA,net:R1_EXT,1374.773072,1.853397,1.853396,1.853397,net:R1_W,two-circle geometric degeneracy,15,3136.015654,1091.994241,3424511.035335,24360.422934,3136.015654,52.000082,0,0,0,0,reflection,True,1.000005,0.999995,1.0,1.000032,1.000005
component:TPA,net:R1_W,1263.848488,2.016064,2.016063,2.016064,net:R1_EXT,two-circle geometric degeneracy,15,3136.01763,1091.993184,3424509.876551,24359.74179,3136.017631,52.000098,0,0,0,0,reflection,True,1.000006,0.999994,0.999999,1.000004,1.000006
component:TPA,net:R4_EXT,858.576147,8.903112,8.903111,8.903112,component:TPB,two-circle geometric degeneracy,18,3136.016509,1091.857534,3424083.252313,24362.233983,3136.016509,51.232164,0,0,0,0,reflection,True,1.000005,0.99987,0.999875,1.000106,1.000005
component:TPA,net:R4_W,847.481563,6.01311,6.013109,6.01311,component:TPB,two-circle geometric degeneracy,17,3136.003879,1091.933394,3424307.360118,24355.131583,3136.003879,51.651162,0,0,0,0,reflection,True,1.000001,0.999939,0.99994,0.999815,1.000001
component:TPA,net:RA_SW,364.0,49.0,48.999999,49.0,component:J_RA,two-circle geometric degeneracy,20,3134.429998,1092.0,3422797.557962,24372.719377,3134.429998,52.0,0,0,0,0,reflection,True,0.999499,1.0,0.999499,1.000537,0.999499
component:TPA,net:RA_W,264.577021,9.630466,9.630465,9.630466,component:J_RA,two-circle geometric degeneracy,18,3135.940569,1091.87716,3424061.883781,24358.932285,3135.940569,51.100432,0,0,0,0,reflection,True,0.999981,0.999888,0.999869,0.999971,0.999981
component:TPB,component:TPC,532.319453,19.146398,19.146397,19.146398,component:R2,two-circle geometric degeneracy,19,3136.63201,1091.432318,3423421.545974,24365.928349,3136.632364,48.346825,0,0,0,0,reflection,True,1.000202,0.99948,0.999682,1.000258,1.000202
component:TPB,component:TPO,686.0,0.0,0.0,0.0,component:J_OUT,two-circle geometric degeneracy at h=0,0,3136.0,1092.0,3424512.0,24359.649504,3136.0,52.0,0,0,0,0,reflection,True,1.0,1.0,1.0,1.0,1.0
component:TPB,component:U1,966.623505,36.903717,36.903716,36.903717,component:R3,two-circle geometric degeneracy,20,3136.401443,1088.627666,3414373.382739,24351.158702,3136.401773,52.260913,0,0,0,0,reflection,True,1.000128,0.996912,0.997039,0.999651,1.000128
component:TPB,net:+9V,893.185311,8.558134,8.558133,8.558134,component:R3,two-circle geometric degeneracy,18,3135.927471,1091.728545,3423581.534786,24358.932168,3135.927472,48.137984,0,0,0,0,reflection,True,0.999977,0.999751,0.999728,0.999971,0.999977
component:TPB,net:-9V,964.158182,7.92816,7.928159,7.92816,component:J_RA,two-circle geometric degeneracy,17,3135.938951,1091.754072,3423674.119651,24357.184487,3135.938952,45.559713,0,0,0,0,reflection,True,0.999981,0.999775,0.999755,0.999899,0.999981
component:TPB,net:EA,981.982179,10.379007,10.379006,10.379007,net:NODE_C,two-circle geometric degeneracy,18,3135.811611,1091.932029,3424093.134738,24336.020258,3135.811626,50.953668,0,0,0,0,reflection,True,0.99994,0.999938,0.999878,0.99903,0.99994
component:TPB,net:EB,1045.416663,31.684974,31.684973,31.684974,component:R3,two-circle geometric degeneracy,19,3136.813683,1089.346707,3417077.656139,24319.472712,3136.814448,52.152215,0,0,0,0,reflection,True,1.000259,0.99757,0.997829,0.998351,1.00026
component:TPB,net:EOUT,785.722597,45.400247,45.400246,45.400247,component:TPO,two-circle geometric degeneracy,20,3136.023856,1087.327863,3409886.11641,24331.991324,3136.023877,52.224607,0,0,0,0,reflection,True,1.000008,0.995721,0.995729,0.998865,1.000008
component:TPB,net:GND,1751.292094,4.364777,4.364776,4.364777,component:J_EA,two-circle geometric degeneracy,17,3135.996962,1091.94989,3424351.537585,24362.284931,3135.996962,47.935589,0,0,0,0,reflection,True,0.999999,0.999954,0.999953,1.000108,0.999999
component:TPB,net:NODE_A,763.864517,10.00701,10.007009,10.00701,net:R4_EXT,two-circle geometric degeneracy,18,3136.030569,1091.827756,3424005.219184,24358.754987,3136.030571,52.004266,0,0,0,0,reflection,True,1.00001,0.999842,0.999852,0.999963,1.00001
component:TPB,net:NODE_B,214.347848,71.323319,71.323318,71.323319,component:R2,two-circle geometric degeneracy,21,3131.830997,1090.403235,3414958.65048,24370.531986,3131.833461,4.240787,0,0,0,0,reflection,True,0.998671,0.998538,0.99721,1.000447,0.998671
component:TPB,net:NODE_C,180.069431,0.0,0.0,0.0,net:RA_W,two-circle geometric degeneracy at h=0,0,3136.0,1092.0,3424512.0,24359.649504,3136.0,52.0,0,0,0,0,reflection,True,1.0,1.0,1.0,1.0,1.0
component:TPB,net:R1_EXT,1617.985167,6.299192,6.299191,6.299192,net:R1_W,two-circle geometric degeneracy,17,3136.149274,1091.940061,3424487.029556,24363.004326,3136.149291,50.233999,0,0,0,0,reflection,True,1.000048,0.999945,0.999993,1.000138,1.000048
component:TPB,net:R1_W,1507.235881,6.762047,6.762046,6.762047,net:R1_EXT,two-circle geometric degeneracy,17,3136.149047,1091.93069,3424457.392749,24360.664778,3136.149064,49.739598,0,0,0,0,reflection,True,1.000048,0.999937,0.999984,1.000042,1.000048
component:TPB,net:R4_EXT,608.342009,12.5653,12.565299,12.5653,net:NODE_A,two-circle geometric degeneracy,18,3136.040045,1091.724531,3423691.84639,24344.787769,3136.040049,50.459026,0,0,0,0,reflection,True,1.000013,0.999748,0.999761,0.99939,1.000013
component:TPB,net:R4_W,597.126452,8.534206,8.534205,8.534206,component:TPA,two-circle geometric degeneracy,18,3136.006723,1091.863058,3424089.888763,24358.709618,3136.006723,51.294906,0,0,0,0,reflection,True,1.000002,0.999875,0.999877,0.999961,1.000002
component:TPB,net:RA_SW,396.697618,6.423028,6.423027,6.423028,component:R3,two-circle geometric degeneracy,17,3135.968951,1092.016953,3424531.257779,24357.185161,3135.968951,52.001327,0,0,0,0,reflection,True,0.99999,1.000016,1.000006,0.999899,0.99999
component:TPB,net:RA_W,360.138862,0.0,0.0,0.0,net:NODE_C,two-circle geometric degeneracy at h=0,0,3136.0,1092.0,3424512.0,24359.649504,3136.0,52.0,0,0,0,0,reflection,True,1.0,1.0,1.0,1.0,1.0
component:TPC,component:TPO,285.797131,0.0,0.0,0.0,net:R4_W,two-circle geometric degeneracy at h=0,0,3136.0,1092.0,3424512.0,24359.649504,3136.0,52.0,0,0,0,0,reflection,True,1.0,1.0,1.0,1.0,1.0
component:TPC,component:U1,643.043544,0.0,0.0,0.0,net:R4_W,two-circle geometric degeneracy at h=0,0,3136.0,1092.0,3424512.0,24359.649504,3136.0,52.0,0,0,0,0,reflection,True,1.0,1.0,1.0,1.0,1.0
component:TPC,net:+9V,804.248718,12.672697,12.672696,12.672697,component:RMIN4,two-circle geometric degeneracy,18,3135.8684,1092.052787,3424533.82463,24353.689278,3135.8684,50.43216,0,0,0,0,reflection,True,0.999958,1.000048,1.000006,0.999755,0.999958
component:TPC,net:-9V,867.322893,14.688878,14.688877,14.688878,component:RMIN4,two-circle geometric degeneracy,18,3135.81699,1092.085473,3424580.180538,24353.811348,3135.816991,49.88223,0,0,0,0,reflection,True,0.999942,1.000078,1.00002,0.99976,0.999942
component:TPC,net:EA,804.756485,22.163226,22.163225,22.163226,component:RMIN4,two-circle geometric degeneracy,19,3135.501524,1092.35774,3425089.358513,24344.247992,3135.501533,47.040317,0,0,0,0,reflection,True,0.999841,1.000328,1.000169,0.999368,0.999841
component:TPC,net:EB,753.182581,6.765956,6.765955,6.765956,net:R4_W,two-circle geometric degeneracy,17,3135.893268,1092.115039,3424756.197112,24357.184948,3135.893269,51.557947,0,0,0,0,reflection,True,0.999966,1.000105,1.000071,0.999899,0.999966
component:TPC,net:EOUT,392.474203,12.984293,12.984292,12.984293,net:R4_W,two-circle geometric degeneracy,18,3138.27825,1092.124407,3427390.272052,24368.536111,3138.279307,41.142169,0,0,0,0,reflection,True,1.000726,1.000114,1.00084,1.000365,1.000727
component:TPC,net:GND,1462.268101,6.969994,6.969993,6.969994,net:EOUT,two-circle geometric degeneracy,17,3135.992254,1092.042645,3424637.275728,24364.368235,3135.992254,49.442804,0,0,0,0,reflection,True,0.999998,1.000039,1.000037,1.000194,0.999998
component:TPC,net:NODE_A,1293.708236,9.847661,9.84766,9.847661,component:TPA,two-circle geometric degeneracy,18,3136.044811,1091.827034,3424018.502739,24358.227484,3136.044813,51.059021,0,0,0,0,reflection,True,1.000014,0.999842,0.999856,0.999942,1.000014
component:TPC,net:NODE_B,733.665455,6.945945,6.945944,6.945945,component:R3,two-circle geometric degeneracy,17,3135.91805,1092.082333,3424680.701438,24363.655766,3135.918054,51.534007,0,0,0,0,reflection,True,0.999974,1.000075,1.000049,1.000164,0.999974
component:TPC,net:NODE_C,463.673376,38.466733,38.466732,38.466733,component:RMIN4,two-circle geometric degeneracy,20,3134.896132,1091.878927,3422927.025628,24309.504355,3134.896367,34.990149,0,0,0,0,reflection,True,0.999648,0.999889,0.999537,0.997941,0.999648
component:TPC,net:R1_EXT,2150.129298,2.37009,2.370089,2.37009,component:R2,two-circle geometric degeneracy,16,3136.020334,1091.991645,3424508.004767,24361.343611,3136.020334,51.945959,0,0,0,0,reflection,True,1.000006,0.999992,0.999999,1.00007,1.000006
component:TPC,net:R1_W,2039.428351,4.997479,4.997478,4.997479,component:R2,two-circle geometric degeneracy,17,3136.077885,1091.962624,3424479.836942,24362.371455,3136.077889,51.759301,0,0,0,0,reflection,True,1.000025,0.999966,0.999991,1.000112,1.000025
component:TPC,net:R4_EXT,110.941426,22.967075,22.967074,22.967075,component:J_OUT,two-circle geometric degeneracy,19,3136.269452,1092.797288,3427306.751255,24384.24174,3136.269493,46.653119,0,0,0,0,reflection,True,1.000086,1.00073,1.000816,1.00101,1.000086
component:TPC,net:R4_W,142.898565,0.0,0.0,0.0,component:TPO,two-circle geometric degeneracy at h=0,0,3136.0,1092.0,3424512.0,24359.649504,3136.0,52.0,0,0,0,0,reflection,True,1.0,1.0,1.0,1.0,1.0
component:TPC,net:RA_SW,742.321359,37.757232,37.757231,37.757232,net:R4_EXT,two-circle geometric degeneracy,20,3136.041922,1091.44265,3422809.904416,24358.940369,3136.041936,35.754601,0,0,0,0,reflection,True,1.000013,0.99949,0.999503,0.999971,1.000013
component:TPC,net:RA_W,784.0,52.0,51.999999,52.0,component:JP1,two-circle geometric degeneracy,20,3136.0,1076.697273,3376522.646862,24269.633359,3136.0,0.010198,0,0,0,0,reflection,True,1.0,0.985987,0.985987,0.996305,1.0
component:TPO,component:U1,357.246414,0.0,0.0,0.0,component:TPC,two-circle geometric degeneracy at h=0,0,3136.0,1092.0,3424512.0,24359.649504,3136.0,52.0,0,0,0,0,reflection,True,1.0,1.0,1.0,1.0,1.0
component:TPO,net:+9V,572.0,0.0,0.0,0.0,component:J_R4,two-circle geometric degeneracy at h=0,0,3136.0,1092.0,3424512.0,24359.649504,3136.0,52.0,0,0,0,0,reflection,True,1.0,1.0,1.0,1.0,1.0
component:TPO,net:-9V,625.920922,4.070802,4.070801,4.070802,component:J_R4,two-circle geometric degeneracy,16,3135.986326,1092.00151,3424501.804774,24356.055033,3135.986326,51.840415,0,0,0,0,reflection,True,0.999996,1.000001,0.999997,0.999852,0.999996
component:TPO,net:EA,540.378571,14.145639,14.145638,14.145639,component:J_R4,two-circle geometric degeneracy,18,3135.808302,1092.076323,3424541.999442,24347.607017,3135.808303,50.038994,0,0,0,0,reflection,True,0.999939,1.00007,1.000009,0.999506,0.999939
component:TPO,net:EB,467.901699,10.891177,10.891176,10.891177,component:RMIN4,two-circle geometric degeneracy,18,3135.743901,1092.260797,3425050.131021,24334.234177,3135.743907,44.63709,0,0,0,0,reflection,True,0.999918,1.000239,1.000157,0.998957,0.999918
component:TPO,net:EOUT,110.941426,45.934149,45.934148,45.934149,component:J_R4,two-circle geometric degeneracy,20,3137.523468,1097.385956,3443074.190412,24367.624685,3137.524782,24.373224,0,0,0,0,reflection,True,1.000486,1.004932,1.00542,1.000327,1.000486
component:TPO,net:GND,1177.422609,12.984293,12.984292,12.984293,net:R4_W,two-circle geometric degeneracy,18,3135.97312,1092.164903,3424999.776495,24371.308576,3135.97312,50.352837,0,0,0,0,reflection,True,0.999991,1.000151,1.000142,1.000479,0.999991
component:TPO,net:NODE_A,1436.142402,21.290368,21.290367,21.290368,component:J_OUT,two-circle geometric degeneracy,19,3136.037256,1091.244792,3422184.322268,24330.123582,3136.037266,47.441757,0,0,0,0,reflection,True,1.000012,0.999308,0.99932,0.998788,1.000012
component:TPO,net:NODE_B,847.481563,3.006555,3.006554,3.006555,net:NODE_C,two-circle geometric degeneracy,16,3136.00147,1091.985925,3424469.465727,24353.118242,3136.00147,51.91301,0,0,0,0,reflection,True,1.0,0.999987,0.999988,0.999732,1.0
component:TPO,net:NODE_C,548.941709,4.641659,4.641658,4.641659,net:NODE_B,two-circle geometric degeneracy,17,3136.003836,1091.966751,3424411.918669,24366.543917,3136.003836,51.792422,0,0,0,0,reflection,True,1.000001,0.99997,0.999971,1.000283,1.000001
component:TPO,net:R1_EXT,2259.493749,20.298352,20.298351,20.298352,net:R1_W,two-circle geometric degeneracy,19,3136.83981,1091.463758,3423746.968448,24381.281816,3136.840954,47.874596,0,0,0,0,reflection,True,1.000268,0.999509,0.999777,1.000888,1.000268
component:TPO,net:R1_W,2150.520867,21.326926,21.326925,21.326926,net:R1_EXT,two-circle geometric degeneracy,19,3136.657959,1091.400044,3423348.633581,24373.758296,3136.65871,47.425334,0,0,0,0,reflection,True,1.00021,0.999451,0.99966,1.000579,1.00021
component:TPO,net:R4_EXT,184.228119,13.830679,13.830678,13.830679,component:J_EB,two-circle geometric degeneracy,18,3135.721049,1092.235099,3424944.58979,24330.345665,3135.721054,50.126962,0,0,0,0,reflection,True,0.999911,1.000215,1.000126,0.998797,0.999911
component:TPO,net:R4_W,142.898565,0.0,0.0,0.0,component:TPC,two-circle geometric degeneracy at h=0,0,3136.0,1092.0,3424512.0,24359.649504,3136.0,52.0,0,0,0,0,reflection,True,1.0,1.0,1.0,1.0,1.0
component:TPO,net:RA_SW,981.888487,18.164996,18.164995,18.164996,net:EOUT,two-circle geometric degeneracy,19,3136.078168,1091.89254,3424260.358477,24342.127172,3136.078177,48.724049,0,0,0,0,reflection,True,1.000025,0.999902,0.999927,0.999281,1.000025
component:TPO,net:RA_W,1001.830325,10.173379,10.173378,10.173379,component:JP1,two-circle geometric degeneracy,18,3136.009801,1091.505588,3422972.223097,24353.922592,3136.009802,50.995121,0,0,0,0,reflection,True,1.000003,0.999547,0.99955,0.999765,1.000003
component:U1,net:+9V,396.697618,25.692113,25.692112,25.692113,component:J_PWR,two-circle geometric degeneracy,19,3135.526319,1091.964484,3423883.379776,24389.095269,3135.526341,52.00407,0,0,0,0,reflection,True,0.999849,0.999967,0.999816,1.001209,0.999849
component:U1,net:-9V,413.415046,36.979786,36.979785,36.979786,net:EA,two-circle geometric degeneracy,20,3134.945805,1091.917788,3423103.090047,24373.251981,3134.945857,52.004641,0,0,0,0,reflection,True,0.999664,0.999925,0.999589,1.000558,0.999664
component:U1,net:EA,277.856078,18.34043,18.340429,18.34043,component:C2,two-circle geometric degeneracy,19,3135.725038,1091.98197,3424155.206022,24365.857224,3135.72504,48.658285,0,0,0,0,reflection,True,0.999912,0.999983,0.999896,1.000255,0.999912
component:U1,net:EB,114.965212,22.163226,22.163225,22.163226,component:J_OUT,two-circle geometric degeneracy,19,3135.283338,1092.423163,3425056.139301,24335.198095,3135.283356,46.457073,0,0,0,0,reflection,True,0.999771,1.000388,1.000159,0.998996,0.999771
component:U1,net:EOUT,254.701786,20.007712,20.007711,20.007712,component:J_R4,two-circle geometric degeneracy,19,3135.185945,1092.709307,3425846.860334,24379.920052,3135.185998,52.006784,0,0,0,0,reflection,True,0.99974,1.00065,1.00039,1.000832,0.99974
component:U1,net:GND,822.294959,46.479672,46.479671,46.479672,component:TPO,two-circle geometric degeneracy,20,3135.655508,1094.800814,3432918.203083,24354.892788,3135.655536,52.222639,0,0,0,0,reflection,True,0.99989,1.002565,1.002455,0.999805,0.99989
component:U1,net:NODE_A,1666.811327,70.318697,70.318696,70.318697,net:NODE_B,two-circle geometric degeneracy,21,3136.025578,1083.212401,3396981.79579,24417.876435,3136.025685,52.568321,0,0,0,0,reflection,True,1.000008,0.991953,0.991961,1.00239,1.000008
component:U1,net:NODE_B,1083.005078,32.93798,32.937979,32.93798,component:J_R1,two-circle geometric degeneracy,19,3136.045485,1090.102394,3418610.689082,24261.398107,3136.04552,52.13943,0,0,0,0,reflection,True,1.000015,0.998262,0.998277,0.995967,1.000015
component:U1,net:NODE_C,799.369752,25.500089,25.500088,25.500089,component:TPA,two-circle geometric degeneracy,19,3136.101083,1090.716992,3420598.739609,24351.015312,3136.101125,52.103186,0,0,0,0,reflection,True,1.000032,0.998825,0.998857,0.999646,1.000032
component:U1,net:R1_EXT,2436.77184,34.506308,34.506307,34.506308,net:R1_W,two-circle geometric degeneracy,20,3137.073915,1090.287005,3420310.922929,24374.205549,3137.080038,52.062267,0,0,0,0,reflection,True,1.000342,0.998431,0.998773,1.000598,1.000344
component:U1,net:R1_W,2331.588514,36.062967,36.062966,36.062967,net:R1_EXT,two-circle geometric degeneracy,20,3136.674669,1090.092905,3419266.801617,24353.730458,3136.677574,52.071772,0,0,0,0,reflection,True,1.000215,0.998254,0.998468,0.999757,1.000216
component:U1,net:R4_EXT,539.170659,9.451553,9.451552,9.451553,component:J_R4,two-circle geometric degeneracy,18,3135.770076,1092.229286,3424979.912261,24365.704844,3135.770082,45.594576,0,0,0,0,reflection,True,0.999927,1.00021,1.000137,1.000249,0.999927
component:U1,net:R4_W,500.144979,0.0,0.0,0.0,component:TPC,two-circle geometric degeneracy at h=0,0,3136.0,1092.0,3424512.0,24359.649504,3136.0,52.0,0,0,0,0,reflection,True,1.0,1.0,1.0,1.0,1.0
component:U1,net:RA_SW,1307.730859,68.19446,68.194459,68.19446,component:J_RA,two-circle geometric degeneracy,21,3140.916964,1099.974116,3454927.360117,24395.331115,3140.933232,21.319375,0,0,0,0,reflection,True,1.001568,1.007302,1.008882,1.001465,1.001573
component:U1,net:RA_W,1311.353881,21.373331,21.37333,21.373331,component:JP1,two-circle geometric degeneracy,19,3136.2568,1089.96742,3418417.733856,24349.167321,3136.256872,47.404438,0,0,0,0,reflection,True,1.000082,0.998139,0.99822,0.99957,1.000082
net:+9V,net:-9V,71.449283,71.323319,71.323318,71.323319,net:RA_SW,two-circle geometric degeneracy,21,3131.234568,1144.417263,3583438.892961,24204.035851,3131.237788,52.380767,0,0,0,0,reflection,True,0.99848,1.048001,1.046409,0.993612,0.998481
net:+9V,net:EA,155.926265,16.341057,16.341056,16.341057,component:J_EA,two-circle geometric degeneracy,18,3135.82899,1092.116556,3424690.757183,24344.881012,3135.829027,49.365675,0,0,0,0,reflection,True,0.999945,1.000107,1.000052,0.999394,0.999945
net:+9V,net:EB,360.138862,14.150097,14.150096,14.150097,component:J_EB,two-circle geometric degeneracy,18,3135.863781,1092.007302,3424386.145661,24371.35124,3135.863787,52.002317,0,0,0,0,reflection,True,0.999957,1.000007,0.999963,1.00048,0.999957
net:+9V,net:EOUT,529.154042,28.891398,28.891397,28.891398,component:J_PWR,two-circle geometric degeneracy,19,3135.358379,1091.963841,3423697.978271,24303.615795,3135.358382,52.000602,0,0,0,0,reflection,True,0.999795,0.999967,0.999762,0.9977,0.999795
net:+9V,net:GND,906.19424,28.117592,28.117591,28.117592,net:NODE_A,two-circle geometric degeneracy,19,3135.8739,1091.404786,3422507.78333,24403.458152,3135.873945,52.03569,0,0,0,0,reflection,True,0.99996,0.999455,0.999415,1.001798,0.99996
net:+9V,net:NODE_A,1466.880022,17.3702,17.370199,17.3702,net:GND,two-circle geometric degeneracy,19,3131.64191,1108.587446,3471698.906942,24356.068286,3131.688124,52.013756,0,0,0,0,reflection,True,0.99861,1.01519,1.013779,0.999853,0.998625
net:+9V,net:NODE_B,931.098813,24.628965,24.628964,24.628965,component:R2,two-circle geometric degeneracy,19,3135.232574,1092.584727,3425507.224494,24303.18126,3135.23295,52.031533,0,0,0,0,reflection,True,0.999755,1.000535,1.000291,0.997682,0.999755
net:+9V,net:NODE_C,713.824208,7.139013,7.139012,7.139013,net:-9V,two-circle geometric degeneracy,17,3135.950112,1091.707448,3423540.095662,24354.441796,3135.950113,52.003284,0,0,0,0,reflection,True,0.999984,0.999732,0.999716,0.999786,0.999984
net:+9V,net:R1_EXT,2158.506891,7.082674,7.082673,7.082674,component:C2,two-circle geometric degeneracy,17,3136.007373,1091.872868,3424121.363893,24364.775781,3136.007377,44.368805,0,0,0,0,reflection,True,1.000002,0.999884,0.999886,1.00021,1.000002
net:+9V,net:R1_W,2058.656844,3.713101,3.7131,3.713101,component:C2,two-circle geometric degeneracy,16,3136.000397,1091.962467,3424394.730636,24362.258166,3136.000397,48.147929,0,0,0,0,reflection,True,1.0,0.999966,0.999966,1.000107,1.0
net:+9V,net:R4_EXT,734.566539,6.937425,6.937424,6.937425,net:R4_W,two-circle geometric degeneracy,17,3135.961277,1092.007783,3424494.120167,24353.301071,3135.961277,51.535155,0,0,0,0,reflection,True,0.999988,1.000007,0.999995,0.999739,0.999988
net:+9V,net:R4_W,683.066615,7.460473,7.460472,7.460473,net:R4_EXT,two-circle geometric degeneracy,17,3135.955146,1092.009761,3424493.631218,24359.059042,3135.955146,51.462038,0,0,0,0,reflection,True,0.999986,1.000009,0.999995,0.999976,0.999986
net:+9V,net:RA_SW,1283.829038,3.969376,3.969375,3.969376,net:-9V,two-circle geometric degeneracy,16,3135.984931,1092.012515,3424534.792656,24355.15774,3135.984931,52.001068,0,0,0,0,reflection,True,0.999995,1.000011,1.000007,0.999816,0.999995
net:+9V,net:RA_W,1252.517465,10.171515,10.171514,10.171515,net:-9V,two-circle geometric degeneracy,18,3135.896074,1091.742237,3423590.193895,24340.335008,3135.896077,50.995493,0,0,0,0,reflection,True,0.999967,0.999764,0.999731,0.999207,0.999967
net:-9V,net:EA,142.898565,0.0,0.0,0.0,component:J_EB,two-circle geometric degeneracy at h=0,0,3136.0,1092.0,3424512.0,24359.649504,3136.0,52.0,0,0,0,0,reflection,True,1.0,1.0,1.0,1.0,1.0
net:-9V,net:EB,357.246414,0.0,0.0,0.0,component:J_EB,two-circle geometric degeneracy at h=0,0,3136.0,1092.0,3424512.0,24359.649504,3136.0,52.0,0,0,0,0,reflection,True,1.0,1.0,1.0,1.0,1.0
net:-9V,net:EOUT,574.09494,44.382903,44.382902,44.382903,component:J_OUT,two-circle geometric degeneracy,20,3134.405278,1091.957235,3422636.521136,24350.947943,3134.405281,52.00031,0,0,0,0,reflection,True,0.999491,0.999961,0.999452,0.999643,0.999491
net:-9V,net:GND,847.481563,42.091771,42.09177,42.091771,net:+9V,two-circle geometric degeneracy,20,3135.717143,1090.821779,3420508.551019,24321.852347,3135.717507,52.070064,0,0,0,0,reflection,True,0.99991,0.998921,0.998831,0.998448,0.99991
net:-9V,net:NODE_A,1527.729034,36.692371,36.69237,36.692371,net:+9V,two-circle geometric degeneracy,20,3133.219878,1099.967254,3446439.264661,24310.898988,3133.235279,52.056441,0,0,0,0,reflection,True,0.999113,1.007296,1.006403,0.997999,0.999118
net:-9V,net:NODE_B,998.472834,22.967075,22.967074,22.967075,net:+9V,two-circle geometric degeneracy,19,3135.408099,1092.289474,3424773.263205,24314.326744,3135.408298,52.025937,0,0,0,0,reflection,True,0.999811,1.000265,1.000076,0.998139,0.999811
net:-9V,net:NODE_C,784.948406,6.492146,6.492145,6.492146,net:+9V,two-circle geometric degeneracy,17,3135.959403,1091.731146,3423624.55432,24356.090926,3135.959403,52.002669,0,0,0,0,reflection,True,0.999987,0.999754,0.999741,0.999854,0.999987
net:-9V,net:R1_EXT,2205.613067,49.675077,49.675076,49.675077,component:C2,two-circle geometric degeneracy,20,3136.136508,1083.541811,3398135.032048,24313.174166,3136.14185,51.355494,0,0,0,0,reflection,True,1.000044,0.992254,0.992298,0.998092,1.000045
net:-9V,net:R1_W,2107.0,52.0,51.987498,51.987499,,"unrelated edge crossing, embedding/cyclic-order violation",20,3136.0,1081.637765,3392016.030346,24282.615455,3136.0,49.013264,0,0,0,0,reflection,True,1.0,0.990511,0.990511,0.996838,1.0
net:-9V,net:R4_EXT,793.731063,9.630466,9.630465,9.630466,net:R4_W,two-circle geometric degeneracy,18,3135.922409,1092.021752,3424495.482554,24352.045713,3135.922409,51.100432,0,0,0,0,reflection,True,0.999975,1.00002,0.999995,0.999688,0.999975
net:-9V,net:R4_W,742.693073,10.292273,10.292272,10.292273,net:R4_EXT,two-circle geometric degeneracy,18,3135.911226,1092.026866,3424499.307018,24360.035027,3135.911226,50.971258,0,0,0,0,reflection,True,0.999972,1.000025,0.999996,1.000016,0.999972
net:-9V,net:RA_SW,1355.17379,3.760403,3.760402,3.760403,net:+9V,two-circle geometric degeneracy,16,3135.986575,1092.011054,3424532.006669,24356.390085,3135.986575,52.000946,0,0,0,0,reflection,True,0.999996,1.00001,1.000006,0.999866,0.999996
net:-9V,net:RA_W,1323.278126,9.627606,9.627605,9.627606,net:+9V,two-circle geometric degeneracy,18,3135.909014,1091.766267,3423679.676007,24348.067782,3135.909016,51.100971,0,0,0,0,reflection,True,0.999971,0.999786,0.999757,0.999525,0.999971
net:EA,net:EB,214.347848,0.0,0.0,0.0,component:J_EB,two-circle geometric degeneracy at h=0,0,3136.0,1092.0,3424512.0,24359.649504,3136.0,52.0,0,0,0,0,reflection,True,1.0,1.0,1.0,1.0,1.0
net:EA,net:EOUT,470.558179,5.414846,5.414845,5.414846,component:C2,two-circle geometric degeneracy,17,3135.973249,1092.003718,3424494.446913,24358.790061,3135.973249,51.717303,0,0,0,0,reflection,True,0.999991,1.000003,0.999995,0.999965,0.999991
net:EA,net:GND,779.631323,16.341057,16.341056,16.341057,net:NODE_B,two-circle geometric degeneracy,18,3135.957422,1091.703629,3423536.098887,24393.574672,3135.957425,49.365675,0,0,0,0,reflection,True,0.999986,0.999729,0.999715,1.001393,0.999986
net:EA,net:NODE_A,1598.739503,51.000178,51.000177,51.000178,component:C2,two-circle geometric degeneracy,20,3138.056921,1088.125166,3414598.708152,24323.982541,3138.073948,10.148,0,0,0,0,reflection,True,1.000656,0.996452,0.997105,0.998536,1.000661
net:EA,net:NODE_B,1045.416663,12.186529,12.186528,12.186529,net:GND,two-circle geometric degeneracy,18,3131.734587,1103.247245,3455077.556378,24352.171973,3131.755642,50.55184,0,0,0,0,reflection,True,0.99864,1.0103,1.008926,0.999693,0.998647
net:EA,net:NODE_C,802.279253,6.351903,6.351902,6.351903,component:R3,two-circle geometric degeneracy,17,3135.926972,1091.995468,3424418.04276,24362.565808,3135.926975,51.610593,0,0,0,0,reflection,True,0.999977,0.999996,0.999973,1.00012,0.999977
net:EA,net:R1_EXT,2308.277496,41.94643,41.946429,41.94643,net:+9V,two-circle geometric degeneracy,20,3136.450363,1088.174342,3413004.808254,24351.242416,3136.457409,30.732672,0,0,0,0,reflection,True,1.000144,0.996497,0.99664,0.999655,1.000146
net:EA,net:R1_W,2207.451245,45.016623,45.016622,45.016623,net:+9V,two-circle geometric degeneracy,20,3136.170564,1087.392571,3410248.572983,24331.120328,3136.172649,26.028902,0,0,0,0,reflection,True,1.000054,0.995781,0.995835,0.998829,1.000055
net:EA,net:R4_EXT,719.027816,17.718369,17.718368,17.718369,component:C2,two-circle geometric degeneracy,19,3135.692066,1092.162083,3424683.977349,24348.522195,3135.692068,48.888234,0,0,0,0,reflection,True,0.999902,1.000148,1.00005,0.999543,0.999902
net:EA,net:R4_W,670.373776,19.004323,19.004322,19.004323,net:R4_EXT,two-circle geometric degeneracy,19,3135.642463,1092.206438,3424768.885631,24364.036376,3135.642466,48.402848,0,0,0,0,reflection,True,0.999886,1.000189,1.000075,1.00018,0.999886
net:EA,net:RA_SW,1361.729782,33.680691,33.68069,33.680691,component:JP1,two-circle geometric degeneracy,20,3134.361254,1093.854832,3428536.203619,24339.942916,3134.361974,39.618318,0,0,0,0,reflection,True,0.999477,1.001699,1.001175,0.999191,0.999478
net:EA,net:RA_W,1341.682898,15.19286,15.192859,15.19286,component:TPB,two-circle geometric degeneracy,18,3135.611112,1091.683692,3423095.515421,24355.361052,3135.61117,49.731047,0,0,0,0,reflection,True,0.999876,0.99971,0.999586,0.999824,0.999876
net:EB,net:EOUT,368.456239,13.830679,13.830678,13.830679,component:U1,two-circle geometric degeneracy,18,3135.672984,1092.259127,3424967.436338,24286.684115,3135.672991,52.002434,0,0,0,0,reflection,True,0.999896,1.000237,1.000133,0.997005,0.999896
net:EB,net:GND,720.277724,56.60039,56.600389,56.60039,component:U1,two-circle geometric degeneracy,20,3135.489097,1100.698816,3451229.135148,24067.923526,3135.48918,43.604999,0,0,0,0,reflection,True,0.999837,1.007966,1.007802,0.988024,0.999837
net:EB,net:NODE_A,1722.080428,56.225016,56.225015,56.225016,component:J_EB,two-circle geometric degeneracy,20,3136.176666,1086.748523,3408235.36023,24284.724055,3136.177267,44.087954,0,0,0,0,reflection,True,1.000056,0.995191,0.995247,0.996924,1.000057
net:EB,net:NODE_B,1146.033595,31.126487,31.126486,31.126487,component:J_R1,two-circle geometric degeneracy,19,3136.190635,1090.375174,3419624.410206,24386.820834,3136.190805,52.098329,0,0,0,0,reflection,True,1.000061,0.998512,0.998573,1.001115,1.000061
net:EB,net:NODE_C,872.633371,20.439283,20.439282,20.439283,component:R3,two-circle geometric degeneracy,19,3136.227223,1091.115256,3421985.368065,24325.9255,3136.227307,52.055124,0,0,0,0,reflection,True,1.000072,0.99919,0.999262,0.998616,1.000072
net:EB,net:R1_EXT,2469.786226,39.203393,39.203392,39.203393,net:R1_W,two-circle geometric degeneracy,20,3136.924713,1089.507852,3417704.106263,24366.433157,3136.933117,52.069361,0,0,0,0,reflection,True,1.000295,0.997718,0.998012,1.000278,1.000298
net:EB,net:R1_W,2366.327112,40.91742,40.917419,40.91742,net:R1_EXT,two-circle geometric degeneracy,20,3136.513112,1089.224093,3416365.649762,24340.062059,3136.516546,52.08003,0,0,0,0,reflection,True,1.000164,0.997458,0.997621,0.999196,1.000165
net:EB,net:R4_EXT,651.201966,15.651058,15.651057,15.651058,component:J_R4,two-circle geometric degeneracy,18,3135.510281,1092.465992,3425438.348576,24330.795114,3135.510302,41.523218,0,0,0,0,reflection,True,0.999844,1.000427,1.000271,0.998815,0.999844
net:EB,net:R4_W,610.481777,8.347506,8.347505,8.347506,component:TPO,two-circle geometric degeneracy,17,3135.842458,1092.166184,3424861.090413,24361.892917,3135.842461,46.332992,0,0,0,0,reflection,True,0.99995,1.000152,1.000102,1.000092,0.99995
net:EB,net:RA_SW,1399.142952,65.560134,65.560133,65.560134,component:JP1,two-circle geometric degeneracy,20,3151.80412,1090.820044,3438051.110289,24151.211857,3151.934234,28.405438,0,0,0,0,reflection,True,1.00504,0.998919,1.003954,0.991443,1.005081
net:EB,net:RA_W,1396.517096,32.841703,32.841702,32.841703,component:JP1,two-circle geometric degeneracy,19,3137.460714,1087.28308,3411307.950365,24300.353747,3137.462401,40.31653,0,0,0,0,reflection,True,1.000466,0.99568,0.996144,0.997566,1.000466
net:EOUT,net:GND,1069.878498,9.526315,9.526314,9.526315,component:J_R4,two-circle geometric degeneracy,18,3135.985531,1092.076722,3424736.797342,24368.063523,3135.985531,44.477295,0,0,0,0,reflection,True,0.999995,1.00007,1.000066,1.000345,0.999995
net:EOUT,net:NODE_A,1526.989522,8.343214,8.343213,8.343214,net:NODE_B,two-circle geometric degeneracy,17,3136.002927,1091.882842,3424147.789612,24349.954922,3136.002928,52.007289,0,0,0,0,reflection,True,1.000001,0.999893,0.999894,0.999602,1.000001
net:EOUT,net:NODE_B,936.790798,13.599621,13.59962,13.599621,net:NODE_A,two-circle geometric degeneracy,18,3136.009541,1091.693488,3423561.19315,24386.22978,3136.009542,52.019339,0,0,0,0,reflection,True,1.000003,0.999719,0.999722,1.001091,1.000003
net:EOUT,net:NODE_C,639.118925,27.907169,27.907168,27.907169,component:R2,two-circle geometric degeneracy,19,3136.019198,1090.638115,3420262.066781,24249.234949,3136.019206,44.606724,0,0,0,0,reflection,True,1.000006,0.998753,0.998759,0.995467,1.000006
net:EOUT,net:R1_EXT,2338.780024,23.968051,23.96805,23.968051,net:R1_W,two-circle geometric degeneracy,19,3136.978885,1091.25318,3423238.18248,24361.630233,3136.980877,52.043877,0,0,0,0,reflection,True,1.000312,0.999316,0.999628,1.000081,1.000313
net:EOUT,net:R1_W,2230.587367,25.130601,25.1306,25.130601,net:R1_EXT,two-circle geometric degeneracy,19,3136.729018,1091.166644,3422694.074945,24348.785222,3136.730222,52.050371,0,0,0,0,reflection,True,1.000232,0.999237,0.999469,0.999554,1.000233
net:EOUT,net:R4_EXT,285.797131,0.0,0.0,0.0,component:J_R4,two-circle geometric degeneracy at h=0,0,3136.0,1092.0,3424512.0,24359.649504,3136.0,52.0,0,0,0,0,reflection,True,1.0,1.0,1.0,1.0,1.0
net:EOUT,net:R4_W,250.503493,20.34303,20.343029,20.34303,component:TPC,two-circle geometric degeneracy,19,3137.545771,1092.375553,3427378.297573,24348.725256,3137.546372,32.382784,0,0,0,0,reflection,True,1.000493,1.000344,1.000837,0.999552,1.000493
net:EOUT,net:RA_SW,1091.483852,16.341057,16.341056,16.341057,component:TPO,two-circle geometric degeneracy,18,3136.074562,1091.914411,3424325.007773,24356.778315,3136.074569,52.030679,0,0,0,0,reflection,True,1.000024,0.999922,0.999945,0.999882,1.000024
net:EOUT,net:RA_W,1108.911178,4.595499,4.595498,4.595499,component:JP1,two-circle geometric degeneracy,17,3136.00276,1091.900638,3424203.415417,24359.041371,3136.00276,51.796538,0,0,0,0,reflection,True,1.000001,0.999909,0.99991,0.999975,1.000001
net:GND,net:NODE_A,2372.971344,10.737593,10.737592,10.737593,net:+9V,two-circle geometric degeneracy,18,3135.981616,1091.910157,3424210.180234,24359.503986,3135.981617,52.00539,0,0,0,0,reflection,True,0.999994,0.999918,0.999912,0.999994,0.999994
net:GND,net:NODE_B,1824.993425,6.980847,6.980846,6.980847,net:EA,two-circle geometric degeneracy,17,3135.99223,1091.943638,3424326.763065,24346.15065,3135.99223,52.003283,0,0,0,0,reflection,True,0.999998,0.999948,0.999946,0.999446,0.999998
net:GND,net:NODE_C,1573.600013,4.857651,4.85765,4.857651,component:R3,two-circle geometric degeneracy,17,3135.996238,1091.948588,3424346.662921,24353.42435,3135.996238,52.002449,0,0,0,0,reflection,True,0.999999,0.999953,0.999952,0.999744,0.999999
net:GND,net:R1_EXT,3039.779597,45.263808,45.263807,45.263808,component:C1,two-circle geometric degeneracy,20,3135.657347,1091.004887,3421017.490952,24387.536417,3135.673323,52.055926,0,0,0,0,reflection,True,0.999891,0.999089,0.99898,1.001145,0.999896
net:GND,net:R1_W,2944.135866,54.523299,54.523298,54.523299,component:J_PWR,two-circle geometric degeneracy,20,3135.512527,1090.506212,3419295.889653,24435.707953,3135.525986,52.0847,0,0,0,0,reflection,True,0.999845,0.998632,0.998477,1.003122,0.999849
net:GND,net:R4_EXT,1355.17379,7.520807,7.520806,7.520807,component:J_R4,two-circle geometric degeneracy,17,3135.990982,1092.04422,3424640.825632,24355.188981,3135.990982,46.245007,0,0,0,0,reflection,True,0.999997,1.00004,1.000038,0.999817,0.999997
net:GND,net:R4_W,1319.793923,11.583627,11.583626,11.583627,component:TPC,two-circle geometric degeneracy,18,3135.978606,1092.123489,3424875.897483,24354.439466,3135.978606,42.540558,0,0,0,0,reflection,True,0.999993,1.000113,1.000106,0.999786,0.999993
net:GND,net:RA_SW,2116.467103,16.854502,16.854501,16.854502,component:J_EB,two-circle geometric degeneracy,19,3135.954706,1092.0,3424462.539308,24334.495233,3135.954707,52.055948,0,0,0,0,reflection,True,0.999986,1.0,0.999986,0.998967,0.999986
net:GND,net:RA_W,2107.887094,22.967075,22.967074,22.967075,component:J_EB,two-circle geometric degeneracy,19,3135.915893,1089.950502,3417993.101134,24375.397281,3135.915897,24.373226,0,0,0,0,reflection,True,0.999973,0.998123,0.998096,1.000646,0.999973
net:NODE_A,net:NODE_B,590.294842,21.582435,21.582434,21.582435,net:EOUT,two-circle geometric degeneracy,19,3136.014792,1091.210827,3422053.294835,24395.18548,3136.014796,52.053545,0,0,0,0,reflection,True,1.000005,0.999277,0.999282,1.001459,1.000005
net:NODE_A,net:NODE_C,888.110354,17.214077,17.214076,17.214077,net:NODE_B,two-circle geometric degeneracy,19,3136.016174,1091.503685,3422973.211565,24304.707876,3136.016177,52.028272,0,0,0,0,reflection,True,1.000005,0.999545,0.999551,0.997745,1.000005
net:NODE_A,net:R1_EXT,871.348954,8.772605,8.772604,8.772605,net:R1_W,two-circle geometric degeneracy,18,3136.586451,1091.79601,3424512.573054,24357.380311,3136.586586,52.001121,0,0,0,0,reflection,True,1.000187,0.999813,1.0,0.999907,1.000187
net:NODE_A,net:R1_W,760.805494,10.047246,10.047245,10.047246,net:R1_EXT,two-circle geometric degeneracy,18,3137.221024,1091.723092,3424976.634814,24360.805029,3137.221581,52.001415,0,0,0,0,reflection,True,1.000389,0.999746,1.000136,1.000047,1.00039
net:NODE_A,net:R4_EXT,1372.160705,5.570776,5.570775,5.570776,component:TPB,two-circle geometric degeneracy,17,3136.008913,1091.946843,3424355.033803,24356.569357,3136.008913,51.70074,0,0,0,0,reflection,True,1.000003,0.999951,0.999954,0.999874,1.000003
net:NODE_A,net:R4_W,1359.291359,22.494074,22.494073,22.494074,component:R2,two-circle geometric degeneracy,19,3136.105506,1091.14706,3421952.301321,24367.586233,3136.105538,46.883011,0,0,0,0,reflection,True,1.000034,0.999219,0.999253,1.000326,1.000034
net:NODE_A,net:RA_SW,714.492827,0.0,0.0,0.0,component:J_RA,two-circle geometric degeneracy at h=0,0,3136.0,1092.0,3424512.0,24359.649504,3136.0,52.0,0,0,0,0,reflection,True,1.0,1.0,1.0,1.0,1.0
net:NODE_A,net:RA_W,606.248299,8.405797,8.405796,8.405797,component:C1,two-circle geometric degeneracy,18,3135.831852,1091.547682,3422909.988174,24368.885945,3135.831857,51.316105,0,0,0,0,reflection,True,0.999946,0.999586,0.999532,1.000379,0.999946
net:NODE_B,net:NODE_C,298.563226,8.534206,8.534205,8.534206,component:TPO,two-circle geometric degeneracy,18,3136.01034,1091.88569,3424164.812601,24356.39674,3136.010341,52.005981,0,0,0,0,reflection,True,1.000003,0.999895,0.999899,0.999866,1.000003
net:NODE_B,net:R1_EXT,1421.523479,12.547102,12.547101,12.547102,net:R1_W,two-circle geometric degeneracy,18,3136.453759,1091.783927,3424329.80316,24360.178255,3136.453972,45.424606,0,0,0,0,reflection,True,1.000145,0.999802,0.999947,1.000022,1.000145
net:NODE_B,net:R1_W,1311.353881,13.60121,13.601209,13.60121,net:R1_EXT,two-circle geometric degeneracy,18,3136.41156,1091.74465,3424160.539826,24355.25311,3136.411745,43.780979,0,0,0,0,reflection,True,1.000131,0.999766,0.999897,0.99982,1.000131
net:NODE_B,net:R4_EXT,798.479179,19.146398,19.146397,19.146398,component:RMIN1,two-circle geometric degeneracy,19,3143.421347,1091.504592,3431058.835782,24341.214188,3143.469965,48.346825,0,0,0,0,reflection,True,1.002367,0.999546,1.001912,0.999243,1.002382
net:NODE_B,net:R4_W,779.631323,32.682114,32.682113,32.682114,net:R1_W,two-circle geometric degeneracy,19,3137.43663,1090.502233,3421381.651972,24282.780146,3137.439259,40.446007,0,0,0,0,reflection,True,1.000458,0.998628,0.999086,0.996844,1.000459
net:NODE_B,net:RA_SW,478.150604,37.302055,37.302054,37.302055,component:R2,two-circle geometric degeneracy,20,3135.112373,1092.091967,3423831.03764,24388.720725,3135.112378,52.001533,0,0,0,0,reflection,True,0.999717,1.000084,0.999801,1.001193,0.999717
net:NODE_B,net:RA_W,392.562097,19.472079,19.472078,19.472079,component:J_RA,two-circle geometric degeneracy,19,3135.757087,1091.199489,3421736.532549,24362.503351,3135.757089,48.216576,0,0,0,0,reflection,True,0.999923,0.999267,0.99919,1.000117,0.999923
net:NODE_C,net:R1_EXT,1715.188911,16.341057,16.341056,16.341057,net:R1_W,two-circle geometric degeneracy,18,3136.652117,1091.645946,3424113.568517,24363.381403,3136.652658,52.014839,0,0,0,0,reflection,True,1.000208,0.999676,0.999884,1.000153,1.000208
net:NODE_C,net:R1_W,1605.540719,17.457047,17.457046,17.457047,net:R1_EXT,two-circle geometric degeneracy,19,3136.548315,1091.591887,3423830.693886,24354.953518,3136.548724,52.017332,0,0,0,0,reflection,True,1.000175,0.999626,0.999801,0.999807,1.000175
net:NODE_C,net:R4_EXT,511.938473,44.794445,44.794444,44.794445,net:R4_W,two-circle geometric degeneracy,20,3133.833308,1093.459193,3426718.838621,24366.025548,3133.835462,26.409425,0,0,0,0,reflection,True,0.999309,1.001336,1.000644,1.000262,0.99931
net:NODE_C,net:R4_W,487.591017,41.805528,41.805527,41.805528,component:C1,two-circle geometric degeneracy,20,3132.492289,1097.331296,3437381.823617,24308.67292,3132.501117,30.924067,0,0,0,0,reflection,True,0.998881,1.004882,1.003758,0.997907,0.998884
net:NODE_C,net:RA_SW,571.594262,0.0,0.0,0.0,component:JP1,two-circle geometric degeneracy at h=0,0,3136.0,1092.0,3424512.0,24359.649504,3136.0,52.0,0,0,0,0,reflection,True,1.0,1.0,1.0,1.0,1.0
net:NODE_C,net:RA_W,540.208293,0.0,0.0,0.0,component:TPB,two-circle geometric degeneracy at h=0,0,3136.0,1092.0,3424512.0,24359.649504,3136.0,52.0,0,0,0,0,reflection,True,1.0,1.0,1.0,1.0,1.0
net:R1_EXT,net:R1_W,110.941426,22.967075,22.967074,22.967075,component:TPA,two-circle geometric degeneracy,19,3138.802923,1091.064832,3424637.482442,24363.151814,3138.807368,52.011513,0,0,0,0,reflection,True,1.000894,0.999144,1.000037,1.000144,1.000895
net:R1_EXT,net:R4_EXT,2219.81711,9.182738,9.182737,9.182738,component:R3,two-circle geometric degeneracy,18,3136.25354,1091.882782,3424421.238788,24349.054046,3136.253603,51.182784,0,0,0,0,reflection,True,1.000081,0.999893,0.999973,0.999565,1.000081
net:R1_EXT,net:R4_W,2200.855288,13.892781,13.89278,13.892781,net:R1_W,two-circle geometric degeneracy,18,3136.524869,1091.738821,3424265.961795,24364.329795,3136.525175,50.109786,0,0,0,0,reflection,True,1.000167,0.999761,0.999928,1.000192,1.000167
net:R1_EXT,net:RA_SW,1573.775397,9.71422,9.714219,9.71422,component:J_RA,two-circle geometric degeneracy,18,3137.619186,1091.981527,3426222.190965,24368.294771,3137.619828,52.000822,0,0,0,0,reflection,True,1.000516,0.999983,1.000499,1.000355,1.000517
net:R1_EXT,net:RA_W,1471.20087,17.319185,17.319184,17.319185,net:R1_W,two-circle geometric degeneracy,19,3140.325666,1089.642954,3421833.734914,24353.401065,3140.330939,49.03107,0,0,0,0,reflection,True,1.001379,0.997842,0.999218,0.999743,1.001381
net:R1_W,net:R4_EXT,2109.502311,6.039339,6.039338,6.039339,component:R3,two-circle geometric degeneracy,17,3136.087734,1091.948836,3424447.351036,24352.715997,3136.087741,51.648102,0,0,0,0,reflection,True,1.000028,0.999953,0.999981,0.999715,1.000028
net:R1_W,net:R4_W,2090.833327,12.186529,12.186528,12.186529,net:NODE_B,two-circle geometric degeneracy,18,3136.311447,1091.796959,3424215.299578,24366.094396,3136.311559,50.55184,0,0,0,0,reflection,True,1.000099,0.999814,0.999913,1.000265,1.000099
net:R1_W,net:RA_SW,1465.0,5.217747,5.217746,5.217747,component:RMIN1,two-circle geometric degeneracy,17,3132.664052,1096.011441,3433435.641124,24358.217987,3132.666627,52.00023,0,0,0,0,reflection,True,0.998936,1.003673,1.002606,0.999941,0.998937
net:R1_W,net:RA_W,1361.729782,3.742299,3.742298,3.742299,component:RMIN1,two-circle geometric degeneracy,16,3138.282598,1091.891172,3426663.063434,24361.146357,3138.283992,51.865164,0,0,0,0,reflection,True,1.000728,0.9999,1.000628,1.000061,1.000728
net:R4_EXT,net:R4_W,52.0,49.0,48.999999,49.0,component:J_PWR,two-circle geometric degeneracy,20,3134.217343,1092.0,3422565.338977,24457.965213,3134.217343,52.0,0,0,0,0,reflection,True,0.999432,1.0,0.999432,1.004036,0.999432
net:R4_EXT,net:RA_SW,847.481563,33.072106,33.072105,33.072106,component:TPC,two-circle geometric degeneracy,19,3136.05972,1091.591743,3423296.89573,24336.905135,3136.059736,40.127744,0,0,0,0,reflection,True,1.000019,0.999626,0.999645,0.999066,1.000019
net:R4_EXT,net:RA_W,883.53155,40.374336,40.374335,40.374336,component:JP1,two-circle geometric degeneracy,20,3136.009528,1083.313511,3397281.494051,24316.951578,3136.009533,32.770612,0,0,0,0,reflection,True,1.000003,0.992045,0.992048,0.998247,1.000003
net:R4_W,net:RA_SW,858.576147,26.709337,26.709336,26.709337,component:J_R4,two-circle geometric degeneracy,19,3136.07676,1091.749199,3423809.290023,24368.521899,3136.076775,44.616268,0,0,0,0,reflection,True,1.000024,0.99977,0.999795,1.000364,1.000024
net:R4_W,net:RA_W,888.110354,28.690128,28.690127,28.690128,component:JP1,two-circle geometric degeneracy,19,3136.020532,1087.822058,3411432.308869,24345.00639,3136.020537,43.369074,0,0,0,0,reflection,True,1.000007,0.996174,0.996181,0.999399,1.000007
net:RA_SW,net:RA_W,114.965212,22.163226,22.163225,22.163226,component:J_RA,two-circle geometric degeneracy,19,3135.590627,1092.143159,3424513.852213,24353.794209,3135.590633,47.040317,0,0,0,0,reflection,True,0.999869,1.000131,1.000001,0.99976,0.999869
